ctime,schemaname,relname,seq_scan,seq_tup_read,idx_scan,idx_tup_fetch,n_tup_ins,n_tup_upd,n_tup_del,n_tup_hot_upd,n_live_tup,n_dead_tup,heap_blks_read,heap_blks_hit,idx_blks_read,idx_blks_hit,toast_blks_read,toast_blks_hit,tidx_blks_read,tidx_blks_hit
1416688444.16483,pg_catalog,pg_attrdef,0,0,0,0,0,0,0,0,0,0,0,0,0,0,0,0,0,0
1416688444.16483,pg_catalog,pg_db_role_setting,0,0,161444,0,0,0,0,0,0,0,0,0,408,161036,0,0,0,0
1416688444.16483,pg_toast,pg_toast_12713,0,0,0,0,0,0,0,0,0,0,0,0,0,0,,,,
1416688444.16483,pg_catalog,pg_rowsecurity,0,0,0,0,0,0,0,0,0,0,0,0,0,0,,,,
1416688444.16483,pg_catalog,pg_description,0,0,5205,0,0,0,0,0,0,0,0,0,1650,9930,0,0,0,0
1416688444.16483,pg_catalog,pg_foreign_data_wrapper,0,0,0,0,0,0,0,0,0,0,0,0,0,0,,,,
1416688444.16483,pg_catalog,pg_conversion,0,0,0,0,0,0,0,0,0,0,0,0,0,0,,,,
1416688444.16483,pg_catalog,pg_class,14027,3163651,934154,855898,2116,640,2078,625,337,5,8487,982579,8236,1955013,,,,
1416688444.16483,information_schema,sql_implementation_info,0,0,,,0,0,0,0,0,0,0,0,,,0,0,0,0
1416688444.16483,pg_catalog,pg_opfamily,0,0,0,0,0,0,0,0,0,0,0,0,0,0,,,,
1416688444.16483,pg_catalog,pg_auth_members,0,0,0,0,0,0,0,0,0,0,0,0,0,0,,,,
1416688444.16483,pg_catalog,pg_operator,0,0,288930,1508764,0,0,0,0,0,0,7336,1044635,6460,626751,,,,
1416688444.16483,information_schema,sql_languages,0,0,,,0,0,0,0,0,0,0,0,,,0,0,0,0
1416688444.16483,public,region,6416,32055,16,16,5,0,0,0,5,0,8,6429,8,15,,,,
1416688444.16483,pg_toast,pg_toast_12693,0,0,0,0,0,0,0,0,0,0,0,0,0,0,,,,
1416688444.16483,pg_catalog,pg_attribute,2915,19875,760364,1711517,7756,220,7578,191,2514,526,25850,850939,6995,1592599,,,,
1416688444.16483,pg_toast,pg_toast_12698,0,0,0,0,0,0,0,0,0,0,0,0,0,0,,,,
1416688444.16483,pg_catalog,pg_tablespace,2,4,26691,26691,0,0,0,0,0,0,698,25995,1460,52052,,,,
1416688444.16483,public,partsupp,13,64000000,28123,112396,8000000,0,0,0,8000000,0,1008273,1514900,40305,66438,,,,
1416688444.16483,pg_catalog,pg_statistic,0,0,206580,198285,1769,4850,1706,4150,464,54,20057,192233,2284,443197,49354,197120,2940,300961
1416688444.16483,pg_toast,pg_toast_12703,0,0,0,0,0,0,0,0,0,0,0,0,0,0,,,,
1416688444.16483,information_schema,sql_packages,0,0,,,0,0,0,0,0,0,0,0,,,0,0,0,0
1416688444.16483,information_schema,sql_sizing_profiles,0,0,,,0,0,0,0,0,0,0,0,,,0,0,0,0
1416688444.16483,public,part,10,16000000,81,4061199,2000000,0,0,0,2000000,0,249020,450108,48708,193,,,,
1416688444.16483,pg_catalog,pg_aggregate,0,0,19961,19961,0,0,0,0,0,0,1409,18552,3255,31547,,,,
1416688444.16483,pg_catalog,pg_inherits,0,0,1170,0,0,0,0,0,0,0,0,0,586,584,,,,
1416688444.16483,pg_catalog,pg_enum,0,0,0,0,0,0,0,0,0,0,0,0,0,0,,,,
1416688444.16483,pg_toast,pg_toast_2396,0,0,0,0,0,0,0,0,0,0,0,0,0,0,,,,
1416688444.16483,pg_catalog,pg_pltemplate,0,0,0,0,0,0,0,0,0,0,0,0,0,0,,,,
1416688444.16483,pg_toast,pg_toast_2618,0,0,3932,12556,0,0,0,0,0,0,2451,2373,708,5636,,,,
1416688444.16483,public,time_statistics,26,375,,,29,26,0,26,29,26,4,77,,,,,,
1416688444.16483,pg_toast,pg_toast_3596,0,0,0,0,0,0,0,0,0,0,0,0,0,0,,,,
1416688444.16483,public,lineitem,22,960194151,4220675,326115726,60045669,0,60340,0,59985454,60340,20401333,27930754,998277,17351112,,,,
1416688444.16483,information_schema,sql_features,0,0,,,0,0,0,0,0,0,0,0,,,0,0,0,0
1416688444.16483,pg_toast,pg_toast_2606,0,0,0,0,0,0,0,0,0,0,0,0,0,0,,,,
1416688444.16483,pg_toast,pg_toast_12723,0,0,0,0,0,0,0,0,0,0,0,0,0,0,,,,
1416688444.16483,pg_toast,pg_toast_2964,0,0,0,0,0,0,0,0,0,0,0,0,0,0,,,,
1416688444.16483,pg_catalog,pg_database,3987,15432,131444,131442,1,0,0,0,1,0,277,135153,1883,210199,,,,
1416688444.16483,information_schema,sql_sizing,0,0,,,0,0,0,0,0,0,0,0,,,0,0,0,0
1416688444.16483,public,supplier,8,600000,3319061,4255098,100000,0,0,0,100000,0,11417,3354869,958,6655022,,,,
1416688444.16483,pg_toast,pg_toast_2620,0,0,0,0,0,0,0,0,0,0,0,0,0,0,,,,
1416688444.16483,pg_catalog,pg_depend,0,0,48876,52517,9009,0,8920,0,7106,1415,9315,60847,13242,126110,,,,
1416688444.16483,pg_catalog,pg_language,0,0,0,0,0,0,0,0,0,0,0,0,0,0,,,,
1416688444.16483,pg_catalog,pg_amproc,530,1060,171864,368028,0,0,0,0,0,0,1968,168882,1519,381009,,,,
1416688444.16483,pg_catalog,pg_collation,0,0,0,0,0,0,0,0,0,0,0,0,0,0,,,,
1416688444.16483,pg_toast,pg_toast_12708,0,0,0,0,0,0,0,0,0,0,0,0,0,0,,,,
1416688444.16483,public,customer,14,15000000,81,15872601,1500000,0,0,0,1500000,0,149238,884401,20532,225,,,,
1416688444.16483,pg_catalog,pg_range,0,0,8981,0,0,0,0,0,0,0,0,0,3311,14651,,,,
1416688444.16483,pg_toast,pg_toast_2609,0,0,0,0,0,0,0,0,0,0,0,0,0,0,,,,
1416688444.16483,pg_catalog,pg_opclass,530,530,234006,2552840,0,0,0,0,0,0,1502,1015882,3369,285327,,,,
1416688444.16483,pg_catalog,pg_rewrite,0,0,9292,7372,640,0,640,0,110,52,4870,7884,2181,13657,2451,2373,1416,11272
1416688444.16483,pg_toast,pg_toast_1255,0,0,0,0,0,0,0,0,0,0,0,0,0,0,,,,
1416688444.16483,pg_catalog,pg_seclabel,0,0,5205,0,0,0,0,0,0,0,0,0,532,4673,0,0,0,0
1416688444.16483,pg_catalog,pg_ts_parser,0,0,0,0,0,0,0,0,0,0,0,0,0,0,,,,
1416688444.16483,pg_catalog,pg_trigger,0,0,0,0,0,0,0,0,0,0,0,0,0,0,0,0,0,0
1416688444.16483,public,orders,17,165105000,5192036,50237033,15015000,0,15000,0,15000000,15000,1779452,8533699,123622,15632631,,,,
1416688444.16483,pg_catalog,pg_shseclabel,0,0,0,0,0,0,0,0,0,0,0,0,0,0,,,,
1416688444.16483,pg_catalog,pg_event_trigger,0,0,2016,0,0,0,0,0,0,0,0,0,581,1435,,,,
1416688444.16483,pg_catalog,pg_foreign_table,0,0,0,0,0,0,0,0,0,0,0,0,0,0,,,,
1416688444.16483,pg_catalog,pg_extension,0,0,0,0,0,0,0,0,0,0,0,0,0,0,,,,
1416688444.16483,pg_catalog,pg_ts_config,0,0,0,0,0,0,0,0,0,0,0,0,0,0,,,,
1416688444.16483,pg_catalog,pg_shdescription,0,0,0,0,0,0,0,0,0,0,0,0,0,0,0,0,0,0
1416688444.16483,pg_catalog,pg_cast,0,0,1256035,297890,0,0,0,0,0,0,1510,296380,939,1291132,,,,
1416688444.16483,pg_catalog,pg_amop,0,0,327261,577772,0,0,0,0,0,0,2555,553071,5860,692913,,,,
1416688444.16483,public,nation,24,325,25709,25733,25,0,0,0,25,0,9,25723,13,25715,,,,
1416688444.16483,pg_catalog,pg_user_mapping,0,0,0,0,0,0,0,0,0,0,0,0,0,0,,,,
1416688444.16483,pg_catalog,pg_type,0,0,889935,881165,2338,0,2319,0,360,116,5602,885758,8578,1829089,,,,
1416688444.16483,information_schema,sql_parts,0,0,,,0,0,0,0,0,0,0,0,,,0,0,0,0
1416688444.16483,pg_catalog,pg_largeobject,0,0,0,0,0,0,0,0,0,0,0,0,0,0,,,,
1416688444.16483,pg_catalog,pg_ts_config_map,0,0,0,0,0,0,0,0,0,0,0,0,0,0,,,,
1416688444.16483,pg_catalog,pg_largeobject_metadata,0,0,0,0,0,0,0,0,0,0,0,0,0,0,,,,
1416688444.16483,pg_catalog,pg_am,45653,45653,0,0,0,0,0,0,0,0,481,45172,0,0,,,,
1416688444.16483,pg_toast,pg_toast_12718,0,0,0,0,0,0,0,0,0,0,0,0,0,0,,,,
1416688444.16483,pg_catalog,pg_ts_template,0,0,0,0,0,0,0,0,0,0,0,0,0,0,,,,
1416688444.16483,pg_catalog,pg_foreign_server,0,0,0,0,0,0,0,0,0,0,0,0,0,0,,,,
1416688444.16483,pg_catalog,pg_namespace,1684,59998,207161,169925,42,0,0,0,42,0,492,171223,2418,244862,,,,
1416688444.16483,pg_toast,pg_toast_2619,0,0,148008,500527,6455,0,6206,0,259,18,49354,197120,2940,300961,,,,
1416688444.16483,pg_catalog,pg_authid,932,932,74841,74841,0,0,0,0,0,0,418,75355,1969,147713,,,,
1416688444.16483,pg_catalog,pg_default_acl,0,0,4720,0,0,0,0,0,0,0,0,0,532,4188,,,,
1416688444.16483,pg_catalog,pg_shdepend,0,0,6429,1223,0,0,0,0,0,0,580,643,2279,6502,,,,
1416688444.16483,pg_catalog,pg_constraint,0,0,344,168,176,0,168,0,10,0,98,979,176,1756,0,0,0,0
1416688444.16483,pg_catalog,pg_index,5656,535095,408239,584751,936,0,908,0,143,31,4450,574899,2787,467980,,,,
1416688444.16483,pg_catalog,pg_ts_dict,0,0,0,0,0,0,0,0,0,0,0,0,0,0,,,,
1416688444.16483,pg_toast,pg_toast_2604,0,0,0,0,0,0,0,0,0,0,0,0,0,0,,,,
1416688444.16483,pg_catalog,pg_proc,0,0,329447,488806,0,0,0,0,0,0,31886,323873,13199,716686,0,0,0,0
1416688504.16696,pg_catalog,pg_attrdef,0,0,0,0,0,0,0,0,0,0,0,0,0,0,0,0,0,0
1416688504.16696,pg_catalog,pg_db_role_setting,0,0,161808,0,0,0,0,0,0,0,0,0,409,161399,0,0,0,0
1416688504.16696,pg_toast,pg_toast_12713,0,0,0,0,0,0,0,0,0,0,0,0,0,0,,,,
1416688504.16696,pg_catalog,pg_rowsecurity,0,0,0,0,0,0,0,0,0,0,0,0,0,0,,,,
1416688504.16696,pg_catalog,pg_description,0,0,5217,0,0,0,0,0,0,0,0,0,1654,9953,0,0,0,0
1416688504.16696,pg_catalog,pg_foreign_data_wrapper,0,0,0,0,0,0,0,0,0,0,0,0,0,0,,,,
1416688504.16696,pg_catalog,pg_conversion,0,0,0,0,0,0,0,0,0,0,0,0,0,0,,,,
1416688504.16696,pg_catalog,pg_class,14037,3166701,936376,857928,2120,642,2082,627,337,10,8491,984728,8239,1959643,,,,
1416688504.16696,information_schema,sql_implementation_info,0,0,,,0,0,0,0,0,0,0,0,,,0,0,0,0
1416688504.16696,pg_catalog,pg_opfamily,0,0,0,0,0,0,0,0,0,0,0,0,0,0,,,,
1416688504.16696,pg_catalog,pg_auth_members,0,0,0,0,0,0,0,0,0,0,0,0,0,0,,,,
1416688504.16696,pg_catalog,pg_operator,0,0,289803,1512478,0,0,0,0,0,0,7336,1047317,6460,628628,,,,
1416688504.16696,information_schema,sql_languages,0,0,,,0,0,0,0,0,0,0,0,,,0,0,0,0
1416688504.16696,public,region,6424,32055,32,32,5,0,0,0,5,0,9,6444,10,35,,,,
1416688504.16696,pg_toast,pg_toast_12693,0,0,0,0,0,0,0,0,0,0,0,0,0,0,,,,
1416688504.16696,pg_catalog,pg_attribute,2915,19875,762269,1715846,7768,220,7590,191,2514,538,25865,852946,6999,1596538,,,,
1416688504.16696,pg_toast,pg_toast_12698,0,0,0,0,0,0,0,0,0,0,0,0,0,0,,,,
1416688504.16696,pg_catalog,pg_tablespace,2,4,26755,26755,0,0,0,0,0,0,699,26058,1463,52179,,,,
1416688504.16696,public,partsupp,23,64000000,28155,112428,8000000,0,0,0,8000000,0,1008275,1514930,40311,66538,,,,
1416688504.16696,pg_catalog,pg_statistic,0,0,207137,198827,1773,4850,1707,4150,467,50,20069,192774,2284,444381,49411,197756,2940,301890
1416688504.16696,pg_toast,pg_toast_12703,0,0,0,0,0,0,0,0,0,0,0,0,0,0,,,,
1416688504.16696,information_schema,sql_packages,0,0,,,0,0,0,0,0,0,0,0,,,0,0,0,0
1416688504.16696,information_schema,sql_sizing_profiles,0,0,,,0,0,0,0,0,0,0,0,,,0,0,0,0
1416688504.16696,public,part,15,18000000,138,4063221,2000000,0,0,0,2000000,0,289542,452074,48732,424,,,,
1416688504.16696,pg_catalog,pg_aggregate,0,0,20026,20026,0,0,0,0,0,0,1409,18617,3255,31660,,,,
1416688504.16696,pg_catalog,pg_inherits,0,0,1173,0,0,0,0,0,0,0,0,0,588,585,,,,
1416688504.16696,pg_catalog,pg_enum,0,0,0,0,0,0,0,0,0,0,0,0,0,0,,,,
1416688504.16696,pg_toast,pg_toast_2396,0,0,0,0,0,0,0,0,0,0,0,0,0,0,,,,
1416688504.16696,pg_catalog,pg_pltemplate,0,0,0,0,0,0,0,0,0,0,0,0,0,0,,,,
1416688504.16696,pg_toast,pg_toast_2618,0,0,3937,12572,0,0,0,0,0,0,2456,2374,708,5644,,,,
1416688504.16696,public,time_statistics,34,666,,,41,34,0,34,41,34,4,106,,,,,,
1416688504.16696,pg_toast,pg_toast_3596,0,0,0,0,0,0,0,0,0,0,0,0,0,0,,,,
1416688504.16696,public,lineitem,38,1080225083,5636413,448296890,60165770,0,120391,0,60045504,120391,22792140,31362415,1264291,24858381,,,,
1416688504.16696,information_schema,sql_features,0,0,,,0,0,0,0,0,0,0,0,,,0,0,0,0
1416688504.16696,pg_toast,pg_toast_2606,0,0,0,0,0,0,0,0,0,0,0,0,0,0,,,,
1416688504.16696,pg_toast,pg_toast_12723,0,0,0,0,0,0,0,0,0,0,0,0,0,0,,,,
1416688504.16696,pg_toast,pg_toast_2964,0,0,0,0,0,0,0,0,0,0,0,0,0,0,,,,
1416688504.16696,pg_catalog,pg_database,3991,15442,131722,131720,1,0,0,0,1,0,277,135435,1887,210654,,,,
1416688504.16696,information_schema,sql_sizing,0,0,,,0,0,0,0,0,0,0,0,,,0,0,0,0
1416688504.16696,public,supplier,12,600000,3319150,4355186,100000,0,0,0,100000,0,13596,3354957,966,6655235,,,,
1416688504.16696,pg_toast,pg_toast_2620,0,0,0,0,0,0,0,0,0,0,0,0,0,0,,,,
1416688504.16696,pg_catalog,pg_depend,0,0,48995,52645,9031,0,8942,0,7106,1437,9334,60986,13265,126419,,,,
1416688504.16696,pg_catalog,pg_language,0,0,0,0,0,0,0,0,0,0,0,0,0,0,,,,
1416688504.16696,pg_catalog,pg_amproc,530,1060,172343,369656,0,0,0,0,0,0,1968,169359,1519,382047,,,,
1416688504.16696,pg_catalog,pg_collation,0,0,0,0,0,0,0,0,0,0,0,0,0,0,,,,
1416688504.16696,pg_toast,pg_toast_12708,0,0,0,0,0,0,0,0,0,0,0,0,0,0,,,,
1416688504.16696,public,customer,22,15000000,137,15872657,1500000,0,0,0,1500000,0,149240,884455,20541,448,,,,
1416688504.16696,pg_catalog,pg_range,0,0,8991,0,0,0,0,0,0,0,0,0,3313,14669,,,,
1416688504.16696,pg_toast,pg_toast_2609,0,0,0,0,0,0,0,0,0,0,0,0,0,0,,,,
1416688504.16696,pg_catalog,pg_opclass,530,530,234717,2560294,0,0,0,0,0,0,1502,1018901,3369,286162,,,,
1416688504.16696,pg_catalog,pg_rewrite,0,0,9311,7385,642,0,642,0,110,54,4879,7900,2183,13687,2456,2374,1416,11288
1416688504.16696,pg_toast,pg_toast_1255,0,0,0,0,0,0,0,0,0,0,0,0,0,0,,,,
1416688504.16696,pg_catalog,pg_seclabel,0,0,5217,0,0,0,0,0,0,0,0,0,533,4684,0,0,0,0
1416688504.16696,pg_catalog,pg_ts_parser,0,0,0,0,0,0,0,0,0,0,0,0,0,0,,,,
1416688504.16696,pg_catalog,pg_trigger,0,0,0,0,0,0,0,0,0,0,0,0,0,0,0,0,0,0
1416688504.16696,public,orders,30,180120000,6681615,51726612,15045000,0,30000,0,15015000,30000,2042691,10030402,165046,20278723,,,,
1416688504.16696,pg_catalog,pg_shseclabel,0,0,0,0,0,0,0,0,0,0,0,0,0,0,,,,
1416688504.16696,pg_catalog,pg_event_trigger,0,0,2019,0,0,0,0,0,0,0,0,0,582,1437,,,,
1416688504.16696,pg_catalog,pg_foreign_table,0,0,0,0,0,0,0,0,0,0,0,0,0,0,,,,
1416688504.16696,pg_catalog,pg_extension,0,0,0,0,0,0,0,0,0,0,0,0,0,0,,,,
1416688504.16696,pg_catalog,pg_ts_config,0,0,0,0,0,0,0,0,0,0,0,0,0,0,,,,
1416688504.16696,pg_catalog,pg_shdescription,0,0,0,0,0,0,0,0,0,0,0,0,0,0,0,0,0,0
1416688504.16696,pg_catalog,pg_cast,0,0,1258981,298685,0,0,0,0,0,0,1510,297175,939,1294152,,,,
1416688504.16696,pg_catalog,pg_amop,0,0,328200,579361,0,0,0,0,0,0,2556,554606,5860,694905,,,,
1416688504.16696,public,nation,47,350,25795,25819,25,0,0,0,25,0,10,25809,15,25818,,,,
1416688504.16696,pg_catalog,pg_user_mapping,0,0,0,0,0,0,0,0,0,0,0,0,0,0,,,,
1416688504.16696,pg_catalog,pg_type,0,0,891758,882962,2344,0,2325,0,360,122,5609,887573,8581,1832868,,,,
1416688504.16696,information_schema,sql_parts,0,0,,,0,0,0,0,0,0,0,0,,,0,0,0,0
1416688504.16696,pg_catalog,pg_largeobject,0,0,0,0,0,0,0,0,0,0,0,0,0,0,,,,
1416688504.16696,pg_catalog,pg_ts_config_map,0,0,0,0,0,0,0,0,0,0,0,0,0,0,,,,
1416688504.16696,pg_catalog,pg_largeobject_metadata,0,0,0,0,0,0,0,0,0,0,0,0,0,0,,,,
1416688504.16696,pg_catalog,pg_am,45784,45784,0,0,0,0,0,0,0,0,481,45303,0,0,,,,
1416688504.16696,pg_toast,pg_toast_12718,0,0,0,0,0,0,0,0,0,0,0,0,0,0,,,,
1416688504.16696,pg_catalog,pg_ts_template,0,0,0,0,0,0,0,0,0,0,0,0,0,0,,,,
1416688504.16696,pg_catalog,pg_foreign_server,0,0,0,0,0,0,0,0,0,0,0,0,0,0,,,,
1416688504.16696,pg_catalog,pg_namespace,1686,60094,207514,170201,42,0,0,0,42,0,492,171501,2419,245296,,,,
1416688504.16696,pg_toast,pg_toast_2619,0,0,148445,502036,6457,0,6208,0,259,20,49411,197756,2940,301890,,,,
1416688504.16696,pg_catalog,pg_authid,935,935,75020,75020,0,0,0,0,0,0,419,75536,1973,148067,,,,
1416688504.16696,pg_catalog,pg_default_acl,0,0,4732,0,0,0,0,0,0,0,0,0,533,4199,,,,
1416688504.16696,pg_catalog,pg_shdepend,0,0,6444,1226,0,0,0,0,0,0,581,645,2284,6518,,,,
1416688504.16696,pg_catalog,pg_constraint,0,0,344,168,176,0,168,0,10,0,98,979,176,1756,0,0,0,0
1416688504.16696,pg_catalog,pg_index,5661,535810,409391,586457,937,0,909,0,143,32,4453,576610,2787,469270,,,,
1416688504.16696,pg_catalog,pg_ts_dict,0,0,0,0,0,0,0,0,0,0,0,0,0,0,,,,
1416688504.16696,pg_toast,pg_toast_2604,0,0,0,0,0,0,0,0,0,0,0,0,0,0,,,,
1416688504.16696,pg_catalog,pg_proc,0,0,330269,490098,0,0,0,0,0,0,31907,324735,13206,718474,0,0,0,0
1416688564.16895,pg_catalog,pg_attrdef,0,0,0,0,0,0,0,0,0,0,0,0,0,0,0,0,0,0
1416688564.16895,pg_catalog,pg_db_role_setting,0,0,161892,0,0,0,0,0,0,0,0,0,409,161483,0,0,0,0
1416688564.16895,pg_toast,pg_toast_12713,0,0,0,0,0,0,0,0,0,0,0,0,0,0,,,,
1416688564.16895,pg_catalog,pg_rowsecurity,0,0,0,0,0,0,0,0,0,0,0,0,0,0,,,,
1416688564.16895,pg_catalog,pg_description,0,0,5221,0,0,0,0,0,0,0,0,0,1655,9961,0,0,0,0
1416688564.16895,pg_catalog,pg_foreign_data_wrapper,0,0,0,0,0,0,0,0,0,0,0,0,0,0,,,,
1416688564.16895,pg_catalog,pg_conversion,0,0,0,0,0,0,0,0,0,0,0,0,0,0,,,,
1416688564.16895,pg_catalog,pg_class,14058,3169762,937056,858578,2122,642,2084,627,337,12,8495,985521,8244,1961056,,,,
1416688564.16895,information_schema,sql_implementation_info,0,0,,,0,0,0,0,0,0,0,0,,,0,0,0,0
1416688564.16895,pg_catalog,pg_opfamily,0,0,0,0,0,0,0,0,0,0,0,0,0,0,,,,
1416688564.16895,pg_catalog,pg_auth_members,0,0,0,0,0,0,0,0,0,0,0,0,0,0,,,,
1416688564.16895,pg_catalog,pg_operator,0,0,289922,1513252,0,0,0,0,0,0,7336,1047835,6460,628896,,,,
1416688564.16895,information_schema,sql_languages,0,0,,,0,0,0,0,0,0,0,0,,,0,0,0,0
1416688564.16895,public,region,6424,32055,32,32,5,0,0,0,5,0,9,6444,10,35,,,,
1416688564.16895,pg_toast,pg_toast_12693,0,0,0,0,0,0,0,0,0,0,0,0,0,0,,,,
1416688564.16895,pg_catalog,pg_attribute,2926,19950,762758,1716959,7776,220,7598,191,2514,546,25891,853606,7004,1597567,,,,
1416688564.16895,pg_toast,pg_toast_12698,0,0,0,0,0,0,0,0,0,0,0,0,0,0,,,,
1416688564.16895,pg_catalog,pg_tablespace,2,4,26771,26771,0,0,0,0,0,0,699,26074,1463,52211,,,,
1416688564.16895,public,partsupp,24,72000000,28157,112430,8000000,0,0,0,8000000,0,1179233,1514932,40317,66539,,,,
1416688564.16895,pg_catalog,pg_statistic,0,0,207226,198909,1774,4850,1708,4150,467,51,20080,192850,2286,444575,49446,197804,2940,301996
1416688564.16895,pg_toast,pg_toast_12703,0,0,0,0,0,0,0,0,0,0,0,0,0,0,,,,
1416688564.16895,information_schema,sql_packages,0,0,,,0,0,0,0,0,0,0,0,,,0,0,0,0
1416688564.16895,information_schema,sql_sizing_profiles,0,0,,,0,0,0,0,0,0,0,0,,,0,0,0,0
1416688564.16895,public,part,15,18000000,165,6087334,2000000,0,0,0,2000000,0,330062,470295,48904,472,,,,
1416688564.16895,pg_catalog,pg_aggregate,0,0,20031,20031,0,0,0,0,0,0,1409,18622,3255,31670,,,,
1416688564.16895,pg_catalog,pg_inherits,0,0,1174,0,0,0,0,0,0,0,0,0,589,585,,,,
1416688564.16895,pg_catalog,pg_enum,0,0,0,0,0,0,0,0,0,0,0,0,0,0,,,,
1416688564.16895,pg_toast,pg_toast_2396,0,0,0,0,0,0,0,0,0,0,0,0,0,0,,,,
1416688564.16895,pg_catalog,pg_pltemplate,0,0,0,0,0,0,0,0,0,0,0,0,0,0,,,,
1416688564.16895,pg_toast,pg_toast_2618,0,0,3942,12588,0,0,0,0,0,0,2461,2375,710,5650,,,,
1416688564.16895,public,time_statistics,40,924,,,45,40,0,40,45,40,4,122,,,,,,
1416688564.16895,pg_toast,pg_toast_3596,0,0,0,0,0,0,0,0,0,0,0,0,0,0,,,,
1416688564.16895,public,lineitem,40,1200315841,5641181,508485415,60165770,0,180117,0,59985778,180117,24401401,33161895,1269322,24872862,,,,
1416688564.16895,information_schema,sql_features,0,0,,,0,0,0,0,0,0,0,0,,,0,0,0,0
1416688564.16895,pg_toast,pg_toast_2606,0,0,0,0,0,0,0,0,0,0,0,0,0,0,,,,
1416688564.16895,pg_toast,pg_toast_12723,0,0,0,0,0,0,0,0,0,0,0,0,0,0,,,,
1416688564.16895,pg_toast,pg_toast_2964,0,0,0,0,0,0,0,0,0,0,0,0,0,0,,,,
1416688564.16895,pg_catalog,pg_database,3994,15454,131795,131793,1,0,0,0,1,0,277,135511,1887,210769,,,,
1416688564.16895,information_schema,sql_sizing,0,0,,,0,0,0,0,0,0,0,0,,,0,0,0,0
1416688564.16895,public,supplier,12,600000,3319151,4355242,100000,0,0,0,100000,0,13651,3354957,969,6655235,,,,
1416688564.16895,pg_toast,pg_toast_2620,0,0,0,0,0,0,0,0,0,0,0,0,0,0,,,,
1416688564.16895,pg_catalog,pg_depend,0,0,49026,52669,9035,0,8946,0,7106,1441,9343,61014,13273,126491,,,,
1416688564.16895,pg_catalog,pg_language,0,0,0,0,0,0,0,0,0,0,0,0,0,0,,,,
1416688564.16895,pg_catalog,pg_amproc,532,1064,172434,369875,0,0,0,0,0,0,1970,169456,1519,382249,,,,
1416688564.16895,pg_catalog,pg_collation,0,0,0,0,0,0,0,0,0,0,0,0,0,0,,,,
1416688564.16895,pg_toast,pg_toast_12708,0,0,0,0,0,0,0,0,0,0,0,0,0,0,,,,
1416688564.16895,public,customer,23,16500000,146,16172701,1500000,0,0,0,1500000,0,219790,884466,21702,471,,,,
1416688564.16895,pg_catalog,pg_range,0,0,8997,0,0,0,0,0,0,0,0,0,3313,14681,,,,
1416688564.16895,pg_toast,pg_toast_2609,0,0,0,0,0,0,0,0,0,0,0,0,0,0,,,,
1416688564.16895,pg_catalog,pg_opclass,532,532,234838,2561683,0,0,0,0,0,0,1502,1019448,3369,286311,,,,
1416688564.16895,pg_catalog,pg_rewrite,0,0,9318,7392,642,0,642,0,110,54,4884,7902,2185,13697,2461,2375,1420,11300
1416688564.16895,pg_toast,pg_toast_1255,0,0,0,0,0,0,0,0,0,0,0,0,0,0,,,,
1416688564.16895,pg_catalog,pg_seclabel,0,0,5221,0,0,0,0,0,0,0,0,0,533,4688,0,0,0,0
1416688564.16895,pg_catalog,pg_ts_parser,0,0,0,0,0,0,0,0,0,0,0,0,0,0,,,,
1416688564.16895,pg_catalog,pg_trigger,0,0,0,0,0,0,0,0,0,0,0,0,0,0,0,0,0,0
1416688564.16895,public,orders,31,195135000,6681621,81756616,15045000,0,45000,0,15000000,45000,2236951,10612977,165067,20278741,,,,
1416688564.16895,pg_catalog,pg_shseclabel,0,0,0,0,0,0,0,0,0,0,0,0,0,0,,,,
1416688564.16895,pg_catalog,pg_event_trigger,0,0,2020,0,0,0,0,0,0,0,0,0,583,1437,,,,
1416688564.16895,pg_catalog,pg_foreign_table,0,0,0,0,0,0,0,0,0,0,0,0,0,0,,,,
1416688564.16895,pg_catalog,pg_extension,0,0,0,0,0,0,0,0,0,0,0,0,0,0,,,,
1416688564.16895,pg_catalog,pg_ts_config,0,0,0,0,0,0,0,0,0,0,0,0,0,0,,,,
1416688564.16895,pg_catalog,pg_shdescription,0,0,0,0,0,0,0,0,0,0,0,0,0,0,0,0,0,0
1416688564.16895,pg_catalog,pg_cast,0,0,1259696,298834,0,0,0,0,0,0,1510,297324,939,1294887,,,,
1416688564.16895,pg_catalog,pg_amop,0,0,328354,579637,0,0,0,0,0,0,2556,554870,5860,695237,,,,
1416688564.16895,public,nation,48,375,25797,25821,25,0,0,0,25,0,11,25811,17,25819,,,,
1416688564.16895,pg_catalog,pg_user_mapping,0,0,0,0,0,0,0,0,0,0,0,0,0,0,,,,
1416688564.16895,pg_catalog,pg_type,0,0,892299,883497,2346,0,2327,0,360,2,5624,888132,8585,1833985,,,,
1416688564.16895,information_schema,sql_parts,0,0,,,0,0,0,0,0,0,0,0,,,0,0,0,0
1416688564.16895,pg_catalog,pg_largeobject,0,0,0,0,0,0,0,0,0,0,0,0,0,0,,,,
1416688564.16895,pg_catalog,pg_ts_config_map,0,0,0,0,0,0,0,0,0,0,0,0,0,0,,,,
1416688564.16895,pg_catalog,pg_largeobject_metadata,0,0,0,0,0,0,0,0,0,0,0,0,0,0,,,,
1416688564.16895,pg_catalog,pg_am,45810,45810,0,0,0,0,0,0,0,0,481,45329,0,0,,,,
1416688564.16895,pg_toast,pg_toast_12718,0,0,0,0,0,0,0,0,0,0,0,0,0,0,,,,
1416688564.16895,pg_catalog,pg_ts_template,0,0,0,0,0,0,0,0,0,0,0,0,0,0,,,,
1416688564.16895,pg_catalog,pg_foreign_server,0,0,0,0,0,0,0,0,0,0,0,0,0,0,,,,
1416688564.16895,pg_catalog,pg_namespace,1688,60190,207717,170384,42,0,0,0,42,0,492,171686,2421,245520,,,,
1416688564.16895,pg_toast,pg_toast_2619,0,0,148492,502201,6459,0,6210,0,259,22,49446,197804,2940,301996,,,,
1416688564.16895,pg_catalog,pg_authid,936,936,75059,75059,0,0,0,0,0,0,419,75576,1973,148145,,,,
1416688564.16895,pg_catalog,pg_default_acl,0,0,4736,0,0,0,0,0,0,0,0,0,534,4202,,,,
1416688564.16895,pg_catalog,pg_shdepend,0,0,6449,1227,0,0,0,0,0,0,582,645,2287,6522,,,,
1416688564.16895,pg_catalog,pg_constraint,0,0,344,168,176,0,168,0,10,0,98,979,176,1756,0,0,0,0
1416688564.16895,pg_catalog,pg_index,5673,536532,409612,586751,938,0,910,0,143,33,4456,576929,2787,469524,,,,
1416688564.16895,pg_catalog,pg_ts_dict,0,0,0,0,0,0,0,0,0,0,0,0,0,0,,,,
1416688564.16895,pg_toast,pg_toast_2604,0,0,0,0,0,0,0,0,0,0,0,0,0,0,,,,
1416688564.16895,pg_catalog,pg_proc,0,0,330443,490329,0,0,0,0,0,0,31925,324906,13211,718856,0,0,0,0
1416688624.1706,pg_catalog,pg_attrdef,0,0,0,0,0,0,0,0,0,0,0,0,0,0,0,0,0,0
1416688624.1706,pg_catalog,pg_db_role_setting,0,0,161956,0,0,0,0,0,0,0,0,0,409,161547,0,0,0,0
1416688624.1706,pg_toast,pg_toast_12713,0,0,0,0,0,0,0,0,0,0,0,0,0,0,,,,
1416688624.1706,pg_catalog,pg_rowsecurity,0,0,0,0,0,0,0,0,0,0,0,0,0,0,,,,
1416688624.1706,pg_catalog,pg_description,0,0,5221,0,0,0,0,0,0,0,0,0,1655,9961,0,0,0,0
1416688624.1706,pg_catalog,pg_foreign_data_wrapper,0,0,0,0,0,0,0,0,0,0,0,0,0,0,,,,
1416688624.1706,pg_catalog,pg_conversion,0,0,0,0,0,0,0,0,0,0,0,0,0,0,,,,
1416688624.1706,pg_catalog,pg_class,14068,3172812,937552,859056,2122,642,2084,627,337,12,8496,986099,8252,1962074,,,,
1416688624.1706,information_schema,sql_implementation_info,0,0,,,0,0,0,0,0,0,0,0,,,0,0,0,0
1416688624.1706,pg_catalog,pg_opfamily,0,0,0,0,0,0,0,0,0,0,0,0,0,0,,,,
1416688624.1706,pg_catalog,pg_auth_members,0,0,0,0,0,0,0,0,0,0,0,0,0,0,,,,
1416688624.1706,pg_catalog,pg_operator,0,0,289996,1513627,0,0,0,0,0,0,7352,1048082,6467,629058,,,,
1416688624.1706,information_schema,sql_languages,0,0,,,0,0,0,0,0,0,0,0,,,0,0,0,0
1416688624.1706,public,region,6425,32060,34,34,5,0,0,0,5,0,10,6446,12,36,,,,
1416688624.1706,pg_toast,pg_toast_12693,0,0,0,0,0,0,0,0,0,0,0,0,0,0,,,,
1416688624.1706,pg_catalog,pg_attribute,2926,19950,763087,1717577,7776,220,7598,191,2514,546,25911,853931,7007,1598239,,,,
1416688624.1706,pg_toast,pg_toast_12698,0,0,0,0,0,0,0,0,0,0,0,0,0,0,,,,
1416688624.1706,pg_catalog,pg_tablespace,2,4,26782,26782,0,0,0,0,0,0,700,26084,1465,52231,,,,
1416688624.1706,public,partsupp,26,88000000,28157,112430,8000000,0,0,0,8000000,0,1337136,1698945,40318,66539,,,,
1416688624.1706,pg_catalog,pg_statistic,0,0,207291,198968,1774,4850,1708,4150,467,51,20092,192897,2288,444714,49465,197833,2941,302069
1416688624.1706,pg_toast,pg_toast_12703,0,0,0,0,0,0,0,0,0,0,0,0,0,0,,,,
1416688624.1706,information_schema,sql_packages,0,0,,,0,0,0,0,0,0,0,0,,,0,0,0,0
1416688624.1706,information_schema,sql_sizing_profiles,0,0,,,0,0,0,0,0,0,0,0,,,0,0,0,0
1416688624.1706,public,part,15,18000000,165,6087334,2000000,0,0,0,2000000,0,330062,470295,48904,472,,,,
1416688624.1706,pg_catalog,pg_aggregate,0,0,20035,20035,0,0,0,0,0,0,1411,18624,3259,31674,,,,
1416688624.1706,pg_catalog,pg_inherits,0,0,1174,0,0,0,0,0,0,0,0,0,589,585,,,,
1416688624.1706,pg_catalog,pg_enum,0,0,0,0,0,0,0,0,0,0,0,0,0,0,,,,
1416688624.1706,pg_toast,pg_toast_2396,0,0,0,0,0,0,0,0,0,0,0,0,0,0,,,,
1416688624.1706,pg_catalog,pg_pltemplate,0,0,0,0,0,0,0,0,0,0,0,0,0,0,,,,
1416688624.1706,pg_toast,pg_toast_2618,0,0,3947,12604,0,0,0,0,0,0,2466,2376,710,5658,,,,
1416688624.1706,public,time_statistics,43,1062,,,48,43,0,43,48,43,6,129,,,,,,
1416688624.1706,pg_toast,pg_toast_3596,0,0,0,0,0,0,0,0,0,0,0,0,0,0,,,,
1416688624.1706,public,lineitem,42,1320406599,6096890,510307216,60165770,0,180117,0,59985778,180117,25439022,34743218,1424631,26546572,,,,
1416688624.1706,information_schema,sql_features,0,0,,,0,0,0,0,0,0,0,0,,,0,0,0,0
1416688624.1706,pg_toast,pg_toast_2606,0,0,0,0,0,0,0,0,0,0,0,0,0,0,,,,
1416688624.1706,pg_toast,pg_toast_12723,0,0,0,0,0,0,0,0,0,0,0,0,0,0,,,,
1416688624.1706,pg_toast,pg_toast_2964,0,0,0,0,0,0,0,0,0,0,0,0,0,0,,,,
1416688624.1706,pg_catalog,pg_database,3997,15466,131852,131850,1,0,0,0,1,0,277,135571,1889,210856,,,,
1416688624.1706,information_schema,sql_sizing,0,0,,,0,0,0,0,0,0,0,0,,,0,0,0,0
1416688624.1706,public,supplier,13,700000,3319165,4555254,100000,0,0,0,100000,0,13651,3361506,976,6655262,,,,
1416688624.1706,pg_toast,pg_toast_2620,0,0,0,0,0,0,0,0,0,0,0,0,0,0,,,,
1416688624.1706,pg_catalog,pg_depend,0,0,49026,52669,9035,0,8946,0,7106,1441,9343,61014,13273,126491,,,,
1416688624.1706,pg_catalog,pg_language,0,0,0,0,0,0,0,0,0,0,0,0,0,0,,,,
1416688624.1706,pg_catalog,pg_amproc,532,1064,172491,370007,0,0,0,0,0,0,1973,169510,1522,382375,,,,
1416688624.1706,pg_catalog,pg_collation,0,0,0,0,0,0,0,0,0,0,0,0,0,0,,,,
1416688624.1706,pg_toast,pg_toast_12708,0,0,0,0,0,0,0,0,0,0,0,0,0,0,,,,
1416688624.1706,public,customer,24,18000000,159,23672709,1500000,0,0,0,1500000,0,255074,1060858,21714,498,,,,
1416688624.1706,pg_catalog,pg_range,0,0,9000,0,0,0,0,0,0,0,0,0,3317,14683,,,,
1416688624.1706,pg_toast,pg_toast_2609,0,0,0,0,0,0,0,0,0,0,0,0,0,0,,,,
1416688624.1706,pg_catalog,pg_opclass,532,532,234913,2562573,0,0,0,0,0,0,1502,1019799,3372,286404,,,,
1416688624.1706,pg_catalog,pg_rewrite,0,0,9325,7399,642,0,642,0,110,54,4889,7904,2185,13709,2466,2376,1420,11316
1416688624.1706,pg_toast,pg_toast_1255,0,0,0,0,0,0,0,0,0,0,0,0,0,0,,,,
1416688624.1706,pg_catalog,pg_seclabel,0,0,5221,0,0,0,0,0,0,0,0,0,533,4688,0,0,0,0
1416688624.1706,pg_catalog,pg_ts_parser,0,0,0,0,0,0,0,0,0,0,0,0,0,0,,,,
1416688624.1706,pg_catalog,pg_trigger,0,0,0,0,0,0,0,0,0,0,0,0,0,0,0,0,0,0
1416688624.1706,public,orders,33,225150000,6681629,81756624,15045000,0,45000,0,15000000,45000,2285519,11072473,165068,20278766,,,,
1416688624.1706,pg_catalog,pg_shseclabel,0,0,0,0,0,0,0,0,0,0,0,0,0,0,,,,
1416688624.1706,pg_catalog,pg_event_trigger,0,0,2020,0,0,0,0,0,0,0,0,0,583,1437,,,,
1416688624.1706,pg_catalog,pg_foreign_table,0,0,0,0,0,0,0,0,0,0,0,0,0,0,,,,
1416688624.1706,pg_catalog,pg_extension,0,0,0,0,0,0,0,0,0,0,0,0,0,0,,,,
1416688624.1706,pg_catalog,pg_ts_config,0,0,0,0,0,0,0,0,0,0,0,0,0,0,,,,
1416688624.1706,pg_catalog,pg_shdescription,0,0,0,0,0,0,0,0,0,0,0,0,0,0,0,0,0,0
1416688624.1706,pg_catalog,pg_cast,0,0,1260113,298934,0,0,0,0,0,0,1512,297422,940,1295317,,,,
1416688624.1706,pg_catalog,pg_amop,0,0,328454,579815,0,0,0,0,0,0,2560,555038,5863,695451,,,,
1416688624.1706,public,nation,50,425,25810,25858,25,0,0,0,25,0,12,25825,20,25831,,,,
1416688624.1706,pg_catalog,pg_user_mapping,0,0,0,0,0,0,0,0,0,0,0,0,0,0,,,,
1416688624.1706,pg_catalog,pg_type,0,0,892621,883819,2346,0,2327,0,360,2,5626,888452,8589,1834640,,,,
1416688624.1706,information_schema,sql_parts,0,0,,,0,0,0,0,0,0,0,0,,,0,0,0,0
1416688624.1706,pg_catalog,pg_largeobject,0,0,0,0,0,0,0,0,0,0,0,0,0,0,,,,
1416688624.1706,pg_catalog,pg_ts_config_map,0,0,0,0,0,0,0,0,0,0,0,0,0,0,,,,
1416688624.1706,pg_catalog,pg_largeobject_metadata,0,0,0,0,0,0,0,0,0,0,0,0,0,0,,,,
1416688624.1706,pg_catalog,pg_am,45828,45828,0,0,0,0,0,0,0,0,481,45347,0,0,,,,
1416688624.1706,pg_toast,pg_toast_12718,0,0,0,0,0,0,0,0,0,0,0,0,0,0,,,,
1416688624.1706,pg_catalog,pg_ts_template,0,0,0,0,0,0,0,0,0,0,0,0,0,0,,,,
1416688624.1706,pg_catalog,pg_foreign_server,0,0,0,0,0,0,0,0,0,0,0,0,0,0,,,,
1416688624.1706,pg_catalog,pg_namespace,1690,60286,207900,170553,42,0,0,0,42,0,492,171857,2422,245718,,,,
1416688624.1706,pg_toast,pg_toast_2619,0,0,148526,502300,6459,0,6210,0,259,22,49465,197833,2941,302069,,,,
1416688624.1706,pg_catalog,pg_authid,937,937,75087,75087,0,0,0,0,0,0,419,75605,1977,148197,,,,
1416688624.1706,pg_catalog,pg_default_acl,0,0,4736,0,0,0,0,0,0,0,0,0,534,4202,,,,
1416688624.1706,pg_catalog,pg_shdepend,0,0,6449,1227,0,0,0,0,0,0,582,645,2287,6522,,,,
1416688624.1706,pg_catalog,pg_constraint,0,0,344,168,176,0,168,0,10,0,98,979,176,1756,0,0,0,0
1416688624.1706,pg_catalog,pg_index,5678,537247,409729,586912,938,0,910,0,143,33,4458,577109,2789,469662,,,,
1416688624.1706,pg_catalog,pg_ts_dict,0,0,0,0,0,0,0,0,0,0,0,0,0,0,,,,
1416688624.1706,pg_toast,pg_toast_2604,0,0,0,0,0,0,0,0,0,0,0,0,0,0,,,,
1416688624.1706,pg_catalog,pg_proc,0,0,330584,490526,0,0,0,0,0,0,31951,325036,13221,719156,0,0,0,0
1416688684.17251,pg_catalog,pg_attrdef,0,0,0,0,0,0,0,0,0,0,0,0,0,0,0,0,0,0
1416688684.17251,pg_catalog,pg_db_role_setting,0,0,162056,0,0,0,0,0,0,0,0,0,409,161647,0,0,0,0
1416688684.17251,pg_toast,pg_toast_12713,0,0,0,0,0,0,0,0,0,0,0,0,0,0,,,,
1416688684.17251,pg_catalog,pg_rowsecurity,0,0,0,0,0,0,0,0,0,0,0,0,0,0,,,,
1416688684.17251,pg_catalog,pg_description,0,0,5221,0,0,0,0,0,0,0,0,0,1655,9961,0,0,0,0
1416688684.17251,pg_catalog,pg_foreign_data_wrapper,0,0,0,0,0,0,0,0,0,0,0,0,0,0,,,,
1416688684.17251,pg_catalog,pg_conversion,0,0,0,0,0,0,0,0,0,0,0,0,0,0,,,,
1416688684.17251,pg_catalog,pg_class,14078,3175862,938210,859678,2122,642,2084,627,337,12,8506,986812,8259,1963435,,,,
1416688684.17251,information_schema,sql_implementation_info,0,0,,,0,0,0,0,0,0,0,0,,,0,0,0,0
1416688684.17251,pg_catalog,pg_opfamily,0,0,0,0,0,0,0,0,0,0,0,0,0,0,,,,
1416688684.17251,pg_catalog,pg_auth_members,0,0,0,0,0,0,0,0,0,0,0,0,0,0,,,,
1416688684.17251,pg_catalog,pg_operator,0,0,290148,1514519,0,0,0,0,0,0,7363,1048691,6472,629391,,,,
1416688684.17251,information_schema,sql_languages,0,0,,,0,0,0,0,0,0,0,0,,,0,0,0,0
1416688684.17251,public,region,12864,64250,38,38,5,0,0,0,5,0,11,12887,14,39,,,,
1416688684.17251,pg_toast,pg_toast_12693,0,0,0,0,0,0,0,0,0,0,0,0,0,0,,,,
1416688684.17251,pg_catalog,pg_attribute,2926,19950,763557,1718511,7776,220,7598,191,2514,546,25944,854393,7012,1599200,,,,
1416688684.17251,pg_toast,pg_toast_12698,0,0,0,0,0,0,0,0,0,0,0,0,0,0,,,,
1416688684.17251,pg_catalog,pg_tablespace,2,4,26799,26799,0,0,0,0,0,0,701,26100,1467,52263,,,,
1416688684.17251,public,partsupp,28,104000000,56338,225112,8000000,0,0,0,8000000,0,1677091,1732296,57647,134204,,,,
1416688684.17251,pg_catalog,pg_statistic,0,0,207409,199080,1774,4850,1708,4150,467,51,20124,192977,2292,444963,49522,197890,2943,302220
1416688684.17251,pg_toast,pg_toast_12703,0,0,0,0,0,0,0,0,0,0,0,0,0,0,,,,
1416688684.17251,information_schema,sql_packages,0,0,,,0,0,0,0,0,0,0,0,,,0,0,0,0
1416688684.17251,information_schema,sql_sizing_profiles,0,0,,,0,0,0,0,0,0,0,0,,,0,0,0,0
1416688684.17251,public,part,16,20000000,184,8111033,2000000,0,0,0,2000000,0,410009,490934,54547,526,,,,
1416688684.17251,pg_catalog,pg_aggregate,0,0,20043,20043,0,0,0,0,0,0,1413,18630,3264,31684,,,,
1416688684.17251,pg_catalog,pg_inherits,0,0,1174,0,0,0,0,0,0,0,0,0,589,585,,,,
1416688684.17251,pg_catalog,pg_enum,0,0,0,0,0,0,0,0,0,0,0,0,0,0,,,,
1416688684.17251,pg_toast,pg_toast_2396,0,0,0,0,0,0,0,0,0,0,0,0,0,0,,,,
1416688684.17251,pg_catalog,pg_pltemplate,0,0,0,0,0,0,0,0,0,0,0,0,0,0,,,,
1416688684.17251,pg_toast,pg_toast_2618,0,0,3952,12620,0,0,0,0,0,0,2471,2377,712,5664,,,,
1416688684.17251,public,time_statistics,49,1365,,,54,49,0,49,54,49,7,146,,,,,,
1416688684.17251,pg_toast,pg_toast_3596,0,0,0,0,0,0,0,0,0,0,0,0,0,0,,,,
1416688684.17251,public,lineitem,42,1320406599,7828106,590797524,60165770,0,180117,0,59985778,180117,27999177,50287718,1700256,33257132,,,,
1416688684.17251,information_schema,sql_features,0,0,,,0,0,0,0,0,0,0,0,,,0,0,0,0
1416688684.17251,pg_toast,pg_toast_2606,0,0,0,0,0,0,0,0,0,0,0,0,0,0,,,,
1416688684.17251,pg_toast,pg_toast_12723,0,0,0,0,0,0,0,0,0,0,0,0,0,0,,,,
1416688684.17251,pg_toast,pg_toast_2964,0,0,0,0,0,0,0,0,0,0,0,0,0,0,,,,
1416688684.17251,pg_catalog,pg_database,4000,15478,131936,131934,1,0,0,0,1,0,277,135658,1889,210990,,,,
1416688684.17251,information_schema,sql_sizing,0,0,,,0,0,0,0,0,0,0,0,,,0,0,0,0
1416688684.17251,public,supplier,14,800000,6612794,8448877,100000,0,0,0,100000,0,15830,6668203,1262,13260172,,,,
1416688684.17251,pg_toast,pg_toast_2620,0,0,0,0,0,0,0,0,0,0,0,0,0,0,,,,
1416688684.17251,pg_catalog,pg_depend,0,0,49026,52669,9035,0,8946,0,7106,1441,9343,61014,13273,126491,,,,
1416688684.17251,pg_catalog,pg_language,0,0,0,0,0,0,0,0,0,0,0,0,0,0,,,,
1416688684.17251,pg_catalog,pg_amproc,532,1064,172586,370254,0,0,0,0,0,0,1977,169597,1523,382588,,,,
1416688684.17251,pg_catalog,pg_collation,0,0,0,0,0,0,0,0,0,0,0,0,0,0,,,,
1416688684.17251,pg_toast,pg_toast_12708,0,0,0,0,0,0,0,0,0,0,0,0,0,0,,,,
1416688684.17251,public,customer,25,19500000,163,23672713,1500000,0,0,0,1500000,0,290351,1060863,21723,505,,,,
1416688684.17251,pg_catalog,pg_range,0,0,9006,0,0,0,0,0,0,0,0,0,3321,14691,,,,
1416688684.17251,pg_toast,pg_toast_2609,0,0,0,0,0,0,0,0,0,0,0,0,0,0,,,,
1416688684.17251,pg_catalog,pg_opclass,532,532,235018,2563493,0,0,0,0,0,0,1502,1020180,3374,286538,,,,
1416688684.17251,pg_catalog,pg_rewrite,0,0,9332,7406,642,0,642,0,110,54,4894,7906,2187,13719,2471,2377,1424,11328
1416688684.17251,pg_toast,pg_toast_1255,0,0,0,0,0,0,0,0,0,0,0,0,0,0,,,,
1416688684.17251,pg_catalog,pg_seclabel,0,0,5221,0,0,0,0,0,0,0,0,0,533,4688,0,0,0,0
1416688684.17251,pg_catalog,pg_ts_parser,0,0,0,0,0,0,0,0,0,0,0,0,0,0,,,,
1416688684.17251,pg_catalog,pg_trigger,0,0,0,0,0,0,0,0,0,0,0,0,0,0,0,0,0,0
1416688684.17251,public,orders,34,240150000,9949488,85024483,15045000,0,45000,0,15000000,45000,2661562,14218317,206489,30058572,,,,
1416688684.17251,pg_catalog,pg_shseclabel,0,0,0,0,0,0,0,0,0,0,0,0,0,0,,,,
1416688684.17251,pg_catalog,pg_event_trigger,0,0,2020,0,0,0,0,0,0,0,0,0,583,1437,,,,
1416688684.17251,pg_catalog,pg_foreign_table,0,0,0,0,0,0,0,0,0,0,0,0,0,0,,,,
1416688684.17251,pg_catalog,pg_extension,0,0,0,0,0,0,0,0,0,0,0,0,0,0,,,,
1416688684.17251,pg_catalog,pg_ts_config,0,0,0,0,0,0,0,0,0,0,0,0,0,0,,,,
1416688684.17251,pg_catalog,pg_shdescription,0,0,0,0,0,0,0,0,0,0,0,0,0,0,0,0,0,0
1416688684.17251,pg_catalog,pg_cast,0,0,1260741,299100,0,0,0,0,0,0,1513,297587,940,1295968,,,,
1416688684.17251,pg_catalog,pg_amop,0,0,328606,580086,0,0,0,0,0,0,2562,555294,5866,695778,,,,
1416688684.17251,public,nation,55,550,51578,51626,25,0,0,0,25,0,13,51597,23,51600,,,,
1416688684.17251,pg_catalog,pg_user_mapping,0,0,0,0,0,0,0,0,0,0,0,0,0,0,,,,
1416688684.17251,pg_catalog,pg_type,0,0,893179,884377,2346,0,2327,0,360,2,5628,889008,8597,1835775,,,,
1416688684.17251,information_schema,sql_parts,0,0,,,0,0,0,0,0,0,0,0,,,0,0,0,0
1416688684.17251,pg_catalog,pg_largeobject,0,0,0,0,0,0,0,0,0,0,0,0,0,0,,,,
1416688684.17251,pg_catalog,pg_ts_config_map,0,0,0,0,0,0,0,0,0,0,0,0,0,0,,,,
1416688684.17251,pg_catalog,pg_largeobject_metadata,0,0,0,0,0,0,0,0,0,0,0,0,0,0,,,,
1416688684.17251,pg_catalog,pg_am,45858,45858,0,0,0,0,0,0,0,0,481,45377,0,0,,,,
1416688684.17251,pg_toast,pg_toast_12718,0,0,0,0,0,0,0,0,0,0,0,0,0,0,,,,
1416688684.17251,pg_catalog,pg_ts_template,0,0,0,0,0,0,0,0,0,0,0,0,0,0,,,,
1416688684.17251,pg_catalog,pg_foreign_server,0,0,0,0,0,0,0,0,0,0,0,0,0,0,,,,
1416688684.17251,pg_catalog,pg_namespace,1692,60382,208110,170740,42,0,0,0,42,0,492,172046,2424,245951,,,,
1416688684.17251,pg_toast,pg_toast_2619,0,0,148598,502558,6459,0,6210,0,259,22,49522,197890,2943,302220,,,,
1416688684.17251,pg_catalog,pg_authid,938,938,75133,75133,0,0,0,0,0,0,419,75652,1977,148289,,,,
1416688684.17251,pg_catalog,pg_default_acl,0,0,4736,0,0,0,0,0,0,0,0,0,534,4202,,,,
1416688684.17251,pg_catalog,pg_shdepend,0,0,6449,1227,0,0,0,0,0,0,582,645,2287,6522,,,,
1416688684.17251,pg_catalog,pg_constraint,0,0,344,168,176,0,168,0,10,0,98,979,176,1756,0,0,0,0
1416688684.17251,pg_catalog,pg_index,5683,537962,409927,587193,938,0,910,0,143,33,4460,577406,2790,469894,,,,
1416688684.17251,pg_catalog,pg_ts_dict,0,0,0,0,0,0,0,0,0,0,0,0,0,0,,,,
1416688684.17251,pg_toast,pg_toast_2604,0,0,0,0,0,0,0,0,0,0,0,0,0,0,,,,
1416688684.17251,pg_catalog,pg_proc,0,0,330797,490849,0,0,0,0,0,0,31991,325231,13232,719617,0,0,0,0
1416688744.17422,pg_catalog,pg_attrdef,0,0,0,0,0,0,0,0,0,0,0,0,0,0,0,0,0,0
1416688744.17422,pg_catalog,pg_db_role_setting,0,0,162156,0,0,0,0,0,0,0,0,0,409,161747,0,0,0,0
1416688744.17422,pg_toast,pg_toast_12713,0,0,0,0,0,0,0,0,0,0,0,0,0,0,,,,
1416688744.17422,pg_catalog,pg_rowsecurity,0,0,0,0,0,0,0,0,0,0,0,0,0,0,,,,
1416688744.17422,pg_catalog,pg_description,0,0,5225,0,0,0,0,0,0,0,0,0,1658,9967,0,0,0,0
1416688744.17422,pg_catalog,pg_foreign_data_wrapper,0,0,0,0,0,0,0,0,0,0,0,0,0,0,,,,
1416688744.17422,pg_catalog,pg_conversion,0,0,0,0,0,0,0,0,0,0,0,0,0,0,,,,
1416688744.17422,pg_catalog,pg_class,14088,3178912,938874,860305,2123,643,2085,628,337,14,8510,987543,8266,1964815,,,,
1416688744.17422,information_schema,sql_implementation_info,0,0,,,0,0,0,0,0,0,0,0,,,0,0,0,0
1416688744.17422,pg_catalog,pg_opfamily,0,0,0,0,0,0,0,0,0,0,0,0,0,0,,,,
1416688744.17422,pg_catalog,pg_auth_members,0,0,0,0,0,0,0,0,0,0,0,0,0,0,,,,
1416688744.17422,pg_catalog,pg_operator,0,0,290289,1515261,0,0,0,0,0,0,7363,1049196,6473,629705,,,,
1416688744.17422,information_schema,sql_languages,0,0,,,0,0,0,0,0,0,0,0,,,0,0,0,0
1416688744.17422,public,region,12866,64260,42,42,5,0,0,0,5,0,12,12892,17,42,,,,
1416688744.17422,pg_toast,pg_toast_12693,0,0,0,0,0,0,0,0,0,0,0,0,0,0,,,,
1416688744.17422,pg_catalog,pg_attribute,2926,19950,764026,1719467,7778,220,7600,191,2514,548,25968,854871,7018,1600167,,,,
1416688744.17422,pg_toast,pg_toast_12698,0,0,0,0,0,0,0,0,0,0,0,0,0,0,,,,
1416688744.17422,pg_catalog,pg_tablespace,2,4,26816,26816,0,0,0,0,0,0,701,26117,1467,52297,,,,
1416688744.17422,public,partsupp,29,112000000,56340,225114,8000000,0,0,0,8000000,0,1848049,1732298,57650,134208,,,,
1416688744.17422,pg_catalog,pg_statistic,0,0,207515,199179,1774,4850,1708,4150,467,51,20142,193058,2294,445190,49557,197945,2943,302345
1416688744.17422,pg_toast,pg_toast_12703,0,0,0,0,0,0,0,0,0,0,0,0,0,0,,,,
1416688744.17422,information_schema,sql_packages,0,0,,,0,0,0,0,0,0,0,0,,,0,0,0,0
1416688744.17422,information_schema,sql_sizing_profiles,0,0,,,0,0,0,0,0,0,0,0,,,0,0,0,0
1416688744.17422,public,part,16,20000000,199,10124717,2000000,0,0,0,2000000,0,450531,502595,54644,551,,,,
1416688744.17422,pg_catalog,pg_aggregate,0,0,20053,20053,0,0,0,0,0,0,1413,18640,3264,31701,,,,
1416688744.17422,pg_catalog,pg_inherits,0,0,1175,0,0,0,0,0,0,0,0,0,590,585,,,,
1416688744.17422,pg_catalog,pg_enum,0,0,0,0,0,0,0,0,0,0,0,0,0,0,,,,
1416688744.17422,pg_toast,pg_toast_2396,0,0,0,0,0,0,0,0,0,0,0,0,0,0,,,,
1416688744.17422,pg_catalog,pg_pltemplate,0,0,0,0,0,0,0,0,0,0,0,0,0,0,,,,
1416688744.17422,pg_toast,pg_toast_2618,0,0,3957,12636,0,0,0,0,0,0,2476,2378,714,5670,,,,
1416688744.17422,public,time_statistics,55,1704,,,60,55,0,55,60,55,7,164,,,,,,
1416688744.17422,pg_toast,pg_toast_3596,0,0,0,0,0,0,0,0,0,0,0,0,0,0,,,,
1416688744.17422,public,lineitem,43,1380392252,8298806,713007241,60165770,0,180117,0,59985778,180117,29704402,52683806,1869858,34977978,,,,
1416688744.17422,information_schema,sql_features,0,0,,,0,0,0,0,0,0,0,0,,,0,0,0,0
1416688744.17422,pg_toast,pg_toast_2606,0,0,0,0,0,0,0,0,0,0,0,0,0,0,,,,
1416688744.17422,pg_toast,pg_toast_12723,0,0,0,0,0,0,0,0,0,0,0,0,0,0,,,,
1416688744.17422,pg_toast,pg_toast_2964,0,0,0,0,0,0,0,0,0,0,0,0,0,0,,,,
1416688744.17422,pg_catalog,pg_database,4003,15490,132020,132018,1,0,0,0,1,0,277,135745,1889,211124,,,,
1416688744.17422,information_schema,sql_sizing,0,0,,,0,0,0,0,0,0,0,0,,,0,0,0,0
1416688744.17422,public,supplier,15,900000,6637788,8535896,100000,0,0,0,100000,0,18007,6694772,1538,13310208,,,,
1416688744.17422,pg_toast,pg_toast_2620,0,0,0,0,0,0,0,0,0,0,0,0,0,0,,,,
1416688744.17422,pg_catalog,pg_depend,0,0,49070,52721,9044,0,8955,0,7106,1450,9361,61058,13300,126590,,,,
1416688744.17422,pg_catalog,pg_language,0,0,0,0,0,0,0,0,0,0,0,0,0,0,,,,
1416688744.17422,pg_catalog,pg_amproc,532,1064,172683,370498,0,0,0,0,0,0,1978,169691,1523,382806,,,,
1416688744.17422,pg_catalog,pg_collation,0,0,0,0,0,0,0,0,0,0,0,0,0,0,,,,
1416688744.17422,pg_toast,pg_toast_12708,0,0,0,0,0,0,0,0,0,0,0,0,0,0,,,,
1416688744.17422,public,customer,25,19500000,197,39246244,1500000,0,0,0,1500000,0,325629,1448820,23337,557,,,,
1416688744.17422,pg_catalog,pg_range,0,0,9013,0,0,0,0,0,0,0,0,0,3323,14703,,,,
1416688744.17422,pg_toast,pg_toast_2609,0,0,0,0,0,0,0,0,0,0,0,0,0,0,,,,
1416688744.17422,pg_catalog,pg_opclass,532,532,235129,2564581,0,0,0,0,0,0,1502,1020623,3376,286680,,,,
1416688744.17422,pg_catalog,pg_rewrite,0,0,9345,7416,643,0,643,0,110,55,4905,7913,2192,13736,2476,2378,1428,11340
1416688744.17422,pg_toast,pg_toast_1255,0,0,0,0,0,0,0,0,0,0,0,0,0,0,,,,
1416688744.17422,pg_catalog,pg_seclabel,0,0,5225,0,0,0,0,0,0,0,0,0,534,4691,0,0,0,0
1416688744.17422,pg_catalog,pg_ts_parser,0,0,0,0,0,0,0,0,0,0,0,0,0,0,,,,
1416688744.17422,pg_catalog,pg_trigger,0,0,0,0,0,0,0,0,0,0,0,0,0,0,0,0,0,0
1416688744.17422,public,orders,37,285150000,10360353,85435348,15045000,0,45000,0,15000000,45000,3191018,14861810,247855,31251978,,,,
1416688744.17422,pg_catalog,pg_shseclabel,0,0,0,0,0,0,0,0,0,0,0,0,0,0,,,,
1416688744.17422,pg_catalog,pg_event_trigger,0,0,2021,0,0,0,0,0,0,0,0,0,584,1437,,,,
1416688744.17422,pg_catalog,pg_foreign_table,0,0,0,0,0,0,0,0,0,0,0,0,0,0,,,,
1416688744.17422,pg_catalog,pg_extension,0,0,0,0,0,0,0,0,0,0,0,0,0,0,,,,
1416688744.17422,pg_catalog,pg_ts_config,0,0,0,0,0,0,0,0,0,0,0,0,0,0,,,,
1416688744.17422,pg_catalog,pg_shdescription,0,0,0,0,0,0,0,0,0,0,0,0,0,0,0,0,0,0
1416688744.17422,pg_catalog,pg_cast,0,0,1261415,299245,0,0,0,0,0,0,1513,297732,940,1296665,,,,
1416688744.17422,pg_catalog,pg_amop,0,0,328755,580357,0,0,0,0,0,0,2562,555553,5866,696102,,,,
1416688744.17422,public,nation,57,600,51593,51665,25,0,0,0,25,0,13,51614,25,51615,,,,
1416688744.17422,pg_catalog,pg_user_mapping,0,0,0,0,0,0,0,0,0,0,0,0,0,0,,,,
1416688744.17422,pg_catalog,pg_type,0,0,893746,884937,2348,0,2329,0,360,4,5634,889570,8604,1836938,,,,
1416688744.17422,information_schema,sql_parts,0,0,,,0,0,0,0,0,0,0,0,,,0,0,0,0
1416688744.17422,pg_catalog,pg_largeobject,0,0,0,0,0,0,0,0,0,0,0,0,0,0,,,,
1416688744.17422,pg_catalog,pg_ts_config_map,0,0,0,0,0,0,0,0,0,0,0,0,0,0,,,,
1416688744.17422,pg_catalog,pg_largeobject_metadata,0,0,0,0,0,0,0,0,0,0,0,0,0,0,,,,
1416688744.17422,pg_catalog,pg_am,45888,45888,0,0,0,0,0,0,0,0,481,45407,0,0,,,,
1416688744.17422,pg_toast,pg_toast_12718,0,0,0,0,0,0,0,0,0,0,0,0,0,0,,,,
1416688744.17422,pg_catalog,pg_ts_template,0,0,0,0,0,0,0,0,0,0,0,0,0,0,,,,
1416688744.17422,pg_catalog,pg_foreign_server,0,0,0,0,0,0,0,0,0,0,0,0,0,0,,,,
1416688744.17422,pg_catalog,pg_namespace,1694,60478,208321,170928,42,0,0,0,42,0,492,172236,2427,246185,,,,
1416688744.17422,pg_toast,pg_toast_2619,0,0,148656,502756,6459,0,6210,0,259,22,49557,197945,2943,302345,,,,
1416688744.17422,pg_catalog,pg_authid,939,939,75179,75179,0,0,0,0,0,0,419,75699,1977,148381,,,,
1416688744.17422,pg_catalog,pg_default_acl,0,0,4740,0,0,0,0,0,0,0,0,0,535,4205,,,,
1416688744.17422,pg_catalog,pg_shdepend,0,0,6454,1228,0,0,0,0,0,0,583,645,2291,6525,,,,
1416688744.17422,pg_catalog,pg_constraint,0,0,344,168,176,0,168,0,10,0,98,979,176,1756,0,0,0,0
1416688744.17422,pg_catalog,pg_index,5688,538677,410130,587480,938,0,910,0,143,33,4460,577705,2790,470132,,,,
1416688744.17422,pg_catalog,pg_ts_dict,0,0,0,0,0,0,0,0,0,0,0,0,0,0,,,,
1416688744.17422,pg_toast,pg_toast_2604,0,0,0,0,0,0,0,0,0,0,0,0,0,0,,,,
1416688744.17422,pg_catalog,pg_proc,0,0,331012,491172,0,0,0,0,0,0,32016,325452,13242,720083,0,0,0,0
1416688804.17601,pg_catalog,pg_attrdef,0,0,0,0,0,0,0,0,0,0,0,0,0,0,0,0,0,0
1416688804.17601,pg_catalog,pg_db_role_setting,0,0,162232,0,0,0,0,0,0,0,0,0,409,161823,0,0,0,0
1416688804.17601,pg_toast,pg_toast_12713,0,0,0,0,0,0,0,0,0,0,0,0,0,0,,,,
1416688804.17601,pg_catalog,pg_rowsecurity,0,0,0,0,0,0,0,0,0,0,0,0,0,0,,,,
1416688804.17601,pg_catalog,pg_description,0,0,5229,0,0,0,0,0,0,0,0,0,1659,9975,0,0,0,0
1416688804.17601,pg_catalog,pg_foreign_data_wrapper,0,0,0,0,0,0,0,0,0,0,0,0,0,0,,,,
1416688804.17601,pg_catalog,pg_conversion,0,0,0,0,0,0,0,0,0,0,0,0,0,0,,,,
1416688804.17601,pg_catalog,pg_class,14109,3181973,939497,860906,2124,644,2086,629,337,15,8514,988289,8269,1966105,,,,
1416688804.17601,information_schema,sql_implementation_info,0,0,,,0,0,0,0,0,0,0,0,,,0,0,0,0
1416688804.17601,pg_catalog,pg_opfamily,0,0,0,0,0,0,0,0,0,0,0,0,0,0,,,,
1416688804.17601,pg_catalog,pg_auth_members,0,0,0,0,0,0,0,0,0,0,0,0,0,0,,,,
1416688804.17601,pg_catalog,pg_operator,0,0,290384,1515680,0,0,0,0,0,0,7363,1049485,6474,629919,,,,
1416688804.17601,information_schema,sql_languages,0,0,,,0,0,0,0,0,0,0,0,,,0,0,0,0
1416688804.17601,public,region,12866,64260,42,42,5,0,0,0,5,0,12,12892,17,42,,,,
1416688804.17601,pg_toast,pg_toast_12693,0,0,0,0,0,0,0,0,0,0,0,0,0,0,,,,
1416688804.17601,pg_catalog,pg_attribute,2937,20025,764471,1720484,7780,220,7602,191,2107,0,25986,855526,7050,1601115,,,,
1416688804.17601,pg_toast,pg_toast_12698,0,0,0,0,0,0,0,0,0,0,0,0,0,0,,,,
1416688804.17601,pg_catalog,pg_tablespace,2,4,26829,26829,0,0,0,0,0,0,701,26130,1467,52323,,,,
1416688804.17601,public,partsupp,29,112000000,56340,225114,8000000,0,0,0,8000000,0,1848049,1732298,57650,134208,,,,
1416688804.17601,pg_catalog,pg_statistic,0,0,207586,199243,1774,4853,1708,4152,467,52,20148,193124,2294,445348,49572,197987,2943,302424
1416688804.17601,pg_toast,pg_toast_12703,0,0,0,0,0,0,0,0,0,0,0,0,0,0,,,,
1416688804.17601,information_schema,sql_packages,0,0,,,0,0,0,0,0,0,0,0,,,0,0,0,0
1416688804.17601,information_schema,sql_sizing_profiles,0,0,,,0,0,0,0,0,0,0,0,,,0,0,0,0
1416688804.17601,public,part,16,20000000,199,10124717,2000000,0,0,0,2000000,0,450531,502595,54644,551,,,,
1416688804.17601,pg_catalog,pg_aggregate,0,0,20060,20060,0,0,0,0,0,0,1413,18647,3264,31713,,,,
1416688804.17601,pg_catalog,pg_inherits,0,0,1176,0,0,0,0,0,0,0,0,0,591,585,,,,
1416688804.17601,pg_catalog,pg_enum,0,0,0,0,0,0,0,0,0,0,0,0,0,0,,,,
1416688804.17601,pg_toast,pg_toast_2396,0,0,0,0,0,0,0,0,0,0,0,0,0,0,,,,
1416688804.17601,pg_catalog,pg_pltemplate,0,0,0,0,0,0,0,0,0,0,0,0,0,0,,,,
1416688804.17601,pg_toast,pg_toast_2618,0,0,3962,12652,0,0,0,0,0,0,2481,2379,715,5677,,,,
1416688804.17601,public,time_statistics,59,1950,,,64,59,0,59,64,3,11,187,,,,,,
1416688804.17601,pg_toast,pg_toast_3596,0,0,0,0,0,0,0,0,0,0,0,0,0,0,,,,
1416688804.17601,public,lineitem,46,1560349211,9502733,717818674,60165770,0,180117,0,59985778,180117,31905389,54961715,1917520,39762390,,,,
1416688804.17601,information_schema,sql_features,0,0,,,0,0,0,0,0,0,0,0,,,0,0,0,0
1416688804.17601,pg_toast,pg_toast_2606,0,0,0,0,0,0,0,0,0,0,0,0,0,0,,,,
1416688804.17601,pg_toast,pg_toast_12723,0,0,0,0,0,0,0,0,0,0,0,0,0,0,,,,
1416688804.17601,pg_toast,pg_toast_2964,0,0,0,0,0,0,0,0,0,0,0,0,0,0,,,,
1416688804.17601,pg_catalog,pg_database,4006,15502,132086,132084,1,0,0,0,1,0,277,135814,1889,211228,,,,
1416688804.17601,information_schema,sql_sizing,0,0,,,0,0,0,0,0,0,0,0,,,0,0,0,0
1416688804.17601,public,supplier,16,1000000,6637793,8591888,100000,0,0,0,100000,0,18007,6698327,1538,13310374,,,,
1416688804.17601,pg_toast,pg_toast_2620,0,0,0,0,0,0,0,0,0,0,0,0,0,0,,,,
1416688804.17601,pg_catalog,pg_depend,0,0,49114,52773,9053,0,8964,0,7106,1459,9376,61105,13315,126701,,,,
1416688804.17601,pg_catalog,pg_language,0,0,0,0,0,0,0,0,0,0,0,0,0,0,,,,
1416688804.17601,pg_catalog,pg_amproc,534,1068,172757,370681,0,0,0,0,0,0,1980,169771,1523,382972,,,,
1416688804.17601,pg_catalog,pg_collation,0,0,0,0,0,0,0,0,0,0,0,0,0,0,,,,
1416688804.17601,pg_toast,pg_toast_12708,0,0,0,0,0,0,0,0,0,0,0,0,0,0,,,,
1416688804.17601,public,customer,27,22500000,203,39246250,1500000,0,0,0,1500000,0,325629,1519382,23337,583,,,,
1416688804.17601,pg_catalog,pg_range,0,0,9017,0,0,0,0,0,0,0,0,0,3323,14711,,,,
1416688804.17601,pg_toast,pg_toast_2609,0,0,0,0,0,0,0,0,0,0,0,0,0,0,,,,
1416688804.17601,pg_catalog,pg_opclass,534,534,235215,2565406,0,0,0,0,0,0,1502,1020955,3376,286792,,,,
1416688804.17601,pg_catalog,pg_rewrite,0,0,9358,7426,644,0,644,0,110,56,4915,7920,2193,13757,2481,2379,1430,11354
1416688804.17601,pg_toast,pg_toast_1255,0,0,0,0,0,0,0,0,0,0,0,0,0,0,,,,
1416688804.17601,pg_catalog,pg_seclabel,0,0,5229,0,0,0,0,0,0,0,0,0,534,4695,0,0,0,0
1416688804.17601,pg_catalog,pg_ts_parser,0,0,0,0,0,0,0,0,0,0,0,0,0,0,,,,
1416688804.17601,pg_catalog,pg_trigger,0,0,0,0,0,0,0,0,0,0,0,0,0,0,0,0,0,0
1416688804.17601,public,orders,40,330150000,10360359,85435354,15045000,0,45000,0,15000000,45000,3191018,15623900,247855,31251999,,,,
1416688804.17601,pg_catalog,pg_shseclabel,0,0,0,0,0,0,0,0,0,0,0,0,0,0,,,,
1416688804.17601,pg_catalog,pg_event_trigger,0,0,2022,0,0,0,0,0,0,0,0,0,585,1437,,,,
1416688804.17601,pg_catalog,pg_foreign_table,0,0,0,0,0,0,0,0,0,0,0,0,0,0,,,,
1416688804.17601,pg_catalog,pg_extension,0,0,0,0,0,0,0,0,0,0,0,0,0,0,,,,
1416688804.17601,pg_catalog,pg_ts_config,0,0,0,0,0,0,0,0,0,0,0,0,0,0,,,,
1416688804.17601,pg_catalog,pg_shdescription,0,0,0,0,0,0,0,0,0,0,0,0,0,0,0,0,0,0
1416688804.17601,pg_catalog,pg_cast,0,0,1261866,299353,0,0,0,0,0,0,1513,297840,940,1297134,,,,
1416688804.17601,pg_catalog,pg_amop,0,0,328860,580545,0,0,0,0,0,0,2562,555734,5866,696334,,,,
1416688804.17601,public,nation,59,650,51601,51673,25,0,0,0,25,0,13,51624,25,51624,,,,
1416688804.17601,pg_catalog,pg_user_mapping,0,0,0,0,0,0,0,0,0,0,0,0,0,0,,,,
1416688804.17601,pg_catalog,pg_type,0,0,894128,885312,2350,0,2331,0,360,6,5637,889949,8605,1837731,,,,
1416688804.17601,information_schema,sql_parts,0,0,,,0,0,0,0,0,0,0,0,,,0,0,0,0
1416688804.17601,pg_catalog,pg_largeobject,0,0,0,0,0,0,0,0,0,0,0,0,0,0,,,,
1416688804.17601,pg_catalog,pg_ts_config_map,0,0,0,0,0,0,0,0,0,0,0,0,0,0,,,,
1416688804.17601,pg_catalog,pg_largeobject_metadata,0,0,0,0,0,0,0,0,0,0,0,0,0,0,,,,
1416688804.17601,pg_catalog,pg_am,45910,45910,0,0,0,0,0,0,0,0,481,45429,0,0,,,,
1416688804.17601,pg_toast,pg_toast_12718,0,0,0,0,0,0,0,0,0,0,0,0,0,0,,,,
1416688804.17601,pg_catalog,pg_ts_template,0,0,0,0,0,0,0,0,0,0,0,0,0,0,,,,
1416688804.17601,pg_catalog,pg_foreign_server,0,0,0,0,0,0,0,0,0,0,0,0,0,0,,,,
1416688804.17601,pg_catalog,pg_namespace,1696,60574,208517,171107,42,0,0,0,42,0,492,172417,2428,246401,,,,
1416688804.17601,pg_toast,pg_toast_2619,0,0,148692,502884,6459,0,6210,0,259,22,49572,197987,2943,302424,,,,
1416688804.17601,pg_catalog,pg_authid,940,940,75214,75214,0,0,0,0,0,0,419,75735,1977,148451,,,,
1416688804.17601,pg_catalog,pg_default_acl,0,0,4744,0,0,0,0,0,0,0,0,0,536,4208,,,,
1416688804.17601,pg_catalog,pg_shdepend,0,0,6459,1229,0,0,0,0,0,0,584,645,2294,6529,,,,
1416688804.17601,pg_catalog,pg_constraint,0,0,344,168,176,0,168,0,10,0,98,979,176,1756,0,0,0,0
1416688804.17601,pg_catalog,pg_index,5700,539399,410326,587733,938,0,910,0,143,33,4460,577980,2790,470356,,,,
1416688804.17601,pg_catalog,pg_ts_dict,0,0,0,0,0,0,0,0,0,0,0,0,0,0,,,,
1416688804.17601,pg_toast,pg_toast_2604,0,0,0,0,0,0,0,0,0,0,0,0,0,0,,,,
1416688804.17601,pg_catalog,pg_proc,0,0,331179,491423,0,0,0,0,0,0,32023,325640,13244,720449,0,0,0,0
1416688864.17772,pg_catalog,pg_attrdef,0,0,0,0,0,0,0,0,0,0,0,0,0,0,0,0,0,0
1416688864.17772,pg_catalog,pg_db_role_setting,0,0,162332,0,0,0,0,0,0,0,0,0,409,161923,0,0,0,0
1416688864.17772,pg_toast,pg_toast_12713,0,0,0,0,0,0,0,0,0,0,0,0,0,0,,,,
1416688864.17772,pg_catalog,pg_rowsecurity,0,0,0,0,0,0,0,0,0,0,0,0,0,0,,,,
1416688864.17772,pg_catalog,pg_description,0,0,5229,0,0,0,0,0,0,0,0,0,1659,9975,0,0,0,0
1416688864.17772,pg_catalog,pg_foreign_data_wrapper,0,0,0,0,0,0,0,0,0,0,0,0,0,0,,,,
1416688864.17772,pg_catalog,pg_conversion,0,0,0,0,0,0,0,0,0,0,0,0,0,0,,,,
1416688864.17772,pg_catalog,pg_class,14119,3185023,940141,861516,2124,644,2086,629,337,15,8515,988999,8271,1967443,,,,
1416688864.17772,information_schema,sql_implementation_info,0,0,,,0,0,0,0,0,0,0,0,,,0,0,0,0
1416688864.17772,pg_catalog,pg_opfamily,0,0,0,0,0,0,0,0,0,0,0,0,0,0,,,,
1416688864.17772,pg_catalog,pg_auth_members,0,0,0,0,0,0,0,0,0,0,0,0,0,0,,,,
1416688864.17772,pg_catalog,pg_operator,0,0,290537,1516558,0,0,0,0,0,0,7363,1050082,6474,630257,,,,
1416688864.17772,information_schema,sql_languages,0,0,,,0,0,0,0,0,0,0,0,,,0,0,0,0
1416688864.17772,public,region,19191,95880,48,48,5,0,0,0,5,0,13,19221,19,48,,,,
1416688864.17772,pg_toast,pg_toast_12693,0,0,0,0,0,0,0,0,0,0,0,0,0,0,,,,
1416688864.17772,pg_catalog,pg_attribute,2937,20025,764933,1721394,7780,220,7602,191,2107,0,25986,856013,7050,1602065,,,,
1416688864.17772,pg_toast,pg_toast_12698,0,0,0,0,0,0,0,0,0,0,0,0,0,0,,,,
1416688864.17772,pg_catalog,pg_tablespace,2,4,26846,26846,0,0,0,0,0,0,701,26147,1467,52357,,,,
1416688864.17772,public,partsupp,30,120000000,62666,250406,8000000,0,0,0,8000000,0,2019007,1739359,61996,148935,,,,
1416688864.17772,pg_catalog,pg_statistic,0,0,207704,199355,1774,4853,1708,4152,467,52,20162,193222,2294,445601,49615,198055,2943,302563
1416688864.17772,pg_toast,pg_toast_12703,0,0,0,0,0,0,0,0,0,0,0,0,0,0,,,,
1416688864.17772,information_schema,sql_packages,0,0,,,0,0,0,0,0,0,0,0,,,0,0,0,0
1416688864.17772,information_schema,sql_sizing_profiles,0,0,,,0,0,0,0,0,0,0,0,,,0,0,0,0
1416688864.17772,public,part,17,22000000,228,12162110,2000000,0,0,0,2000000,0,509230,555370,60376,611,,,,
1416688864.17772,pg_catalog,pg_aggregate,0,0,20068,20068,0,0,0,0,0,0,1413,18655,3264,31728,,,,
1416688864.17772,pg_catalog,pg_inherits,0,0,1176,0,0,0,0,0,0,0,0,0,591,585,,,,
1416688864.17772,pg_catalog,pg_enum,0,0,0,0,0,0,0,0,0,0,0,0,0,0,,,,
1416688864.17772,pg_toast,pg_toast_2396,0,0,0,0,0,0,0,0,0,0,0,0,0,0,,,,
1416688864.17772,pg_catalog,pg_pltemplate,0,0,0,0,0,0,0,0,0,0,0,0,0,0,,,,
1416688864.17772,pg_toast,pg_toast_2618,0,0,3967,12668,0,0,0,0,0,0,2486,2380,715,5685,,,,
1416688864.17772,public,time_statistics,65,2349,,,70,65,0,65,70,9,11,223,,,,,,
1416688864.17772,pg_toast,pg_toast_3596,0,0,0,0,0,0,0,0,0,0,0,0,0,0,,,,
1416688864.17772,public,lineitem,47,1620334864,9520939,778349548,60165770,0,180117,0,59985778,180117,33536058,56014929,1937258,39817110,,,,
1416688864.17772,information_schema,sql_features,0,0,,,0,0,0,0,0,0,0,0,,,0,0,0,0
1416688864.17772,pg_toast,pg_toast_2606,0,0,0,0,0,0,0,0,0,0,0,0,0,0,,,,
1416688864.17772,pg_toast,pg_toast_12723,0,0,0,0,0,0,0,0,0,0,0,0,0,0,,,,
1416688864.17772,pg_toast,pg_toast_2964,0,0,0,0,0,0,0,0,0,0,0,0,0,0,,,,
1416688864.17772,pg_catalog,pg_database,4009,15514,132170,132168,1,0,0,0,1,0,277,135901,1889,211362,,,,
1416688864.17772,information_schema,sql_sizing,0,0,,,0,0,0,0,0,0,0,0,,,0,0,0,0
1416688864.17772,public,supplier,16,1000000,6687341,9141431,100000,0,0,0,100000,0,18023,6758749,1663,13409639,,,,
1416688864.17772,pg_toast,pg_toast_2620,0,0,0,0,0,0,0,0,0,0,0,0,0,0,,,,
1416688864.17772,pg_catalog,pg_depend,0,0,49114,52773,9053,0,8964,0,7106,1459,9376,61105,13315,126701,,,,
1416688864.17772,pg_catalog,pg_language,0,0,0,0,0,0,0,0,0,0,0,0,0,0,,,,
1416688864.17772,pg_catalog,pg_amproc,534,1068,172851,370924,0,0,0,0,0,0,1980,169864,1523,383184,,,,
1416688864.17772,pg_catalog,pg_collation,0,0,0,0,0,0,0,0,0,0,0,0,0,0,,,,
1416688864.17772,pg_toast,pg_toast_12708,0,0,0,0,0,0,0,0,0,0,0,0,0,0,,,,
1416688864.17772,public,customer,29,25500000,218,46746260,1500000,0,0,0,1500000,0,325629,1766338,23340,629,,,,
1416688864.17772,pg_catalog,pg_range,0,0,9024,0,0,0,0,0,0,0,0,0,3323,14725,,,,
1416688864.17772,pg_toast,pg_toast_2609,0,0,0,0,0,0,0,0,0,0,0,0,0,0,,,,
1416688864.17772,pg_catalog,pg_opclass,534,534,235335,2566627,0,0,0,0,0,0,1502,1021447,3376,286944,,,,
1416688864.17772,pg_catalog,pg_rewrite,0,0,9365,7433,644,0,644,0,110,56,4920,7922,2193,13769,2486,2380,1430,11370
1416688864.17772,pg_toast,pg_toast_1255,0,0,0,0,0,0,0,0,0,0,0,0,0,0,,,,
1416688864.17772,pg_catalog,pg_seclabel,0,0,5229,0,0,0,0,0,0,0,0,0,534,4695,0,0,0,0
1416688864.17772,pg_catalog,pg_ts_parser,0,0,0,0,0,0,0,0,0,0,0,0,0,0,,,,
1416688864.17772,pg_catalog,pg_trigger,0,0,0,0,0,0,0,0,0,0,0,0,0,0,0,0,0,0
1416688864.17772,public,orders,41,345150000,10757758,100832752,15045000,0,45000,0,15000000,45000,3191054,16529318,289220,32405023,,,,
1416688864.17772,pg_catalog,pg_shseclabel,0,0,0,0,0,0,0,0,0,0,0,0,0,0,,,,
1416688864.17772,pg_catalog,pg_event_trigger,0,0,2022,0,0,0,0,0,0,0,0,0,585,1437,,,,
1416688864.17772,pg_catalog,pg_foreign_table,0,0,0,0,0,0,0,0,0,0,0,0,0,0,,,,
1416688864.17772,pg_catalog,pg_extension,0,0,0,0,0,0,0,0,0,0,0,0,0,0,,,,
1416688864.17772,pg_catalog,pg_ts_config,0,0,0,0,0,0,0,0,0,0,0,0,0,0,,,,
1416688864.17772,pg_catalog,pg_shdescription,0,0,0,0,0,0,0,0,0,0,0,0,0,0,0,0,0,0
1416688864.17772,pg_catalog,pg_cast,0,0,1262594,299527,0,0,0,0,0,0,1513,298014,940,1297885,,,,
1416688864.17772,pg_catalog,pg_amop,0,0,329032,580859,0,0,0,0,0,0,2562,556035,5868,696702,,,,
1416688864.17772,public,nation,63,750,76905,76977,25,0,0,0,25,0,13,76932,26,76930,,,,
1416688864.17772,pg_catalog,pg_user_mapping,0,0,0,0,0,0,0,0,0,0,0,0,0,0,,,,
1416688864.17772,pg_catalog,pg_type,0,0,894689,885871,2350,0,2331,0,360,6,5637,890508,8606,1838879,,,,
1416688864.17772,information_schema,sql_parts,0,0,,,0,0,0,0,0,0,0,0,,,0,0,0,0
1416688864.17772,pg_catalog,pg_largeobject,0,0,0,0,0,0,0,0,0,0,0,0,0,0,,,,
1416688864.17772,pg_catalog,pg_ts_config_map,0,0,0,0,0,0,0,0,0,0,0,0,0,0,,,,
1416688864.17772,pg_catalog,pg_largeobject_metadata,0,0,0,0,0,0,0,0,0,0,0,0,0,0,,,,
1416688864.17772,pg_catalog,pg_am,45940,45940,0,0,0,0,0,0,0,0,481,45459,0,0,,,,
1416688864.17772,pg_toast,pg_toast_12718,0,0,0,0,0,0,0,0,0,0,0,0,0,0,,,,
1416688864.17772,pg_catalog,pg_ts_template,0,0,0,0,0,0,0,0,0,0,0,0,0,0,,,,
1416688864.17772,pg_catalog,pg_foreign_server,0,0,0,0,0,0,0,0,0,0,0,0,0,0,,,,
1416688864.17772,pg_catalog,pg_namespace,1698,60670,208726,171293,42,0,0,0,42,0,492,172605,2429,246634,,,,
1416688864.17772,pg_toast,pg_toast_2619,0,0,148757,503131,6459,0,6210,0,259,22,49615,198055,2943,302563,,,,
1416688864.17772,pg_catalog,pg_authid,941,941,75260,75260,0,0,0,0,0,0,419,75782,1977,148543,,,,
1416688864.17772,pg_catalog,pg_default_acl,0,0,4744,0,0,0,0,0,0,0,0,0,536,4208,,,,
1416688864.17772,pg_catalog,pg_shdepend,0,0,6459,1229,0,0,0,0,0,0,584,645,2294,6529,,,,
1416688864.17772,pg_catalog,pg_constraint,0,0,344,168,176,0,168,0,10,0,98,979,176,1756,0,0,0,0
1416688864.17772,pg_catalog,pg_index,5705,540114,410517,588004,938,0,910,0,143,33,4460,578268,2790,470582,,,,
1416688864.17772,pg_catalog,pg_ts_dict,0,0,0,0,0,0,0,0,0,0,0,0,0,0,,,,
1416688864.17772,pg_toast,pg_toast_2604,0,0,0,0,0,0,0,0,0,0,0,0,0,0,,,,
1416688864.17772,pg_catalog,pg_proc,0,0,331392,491727,0,0,0,0,0,0,32032,325863,13246,720919,0,0,0,0
1416688924.1804,pg_catalog,pg_attrdef,0,0,0,0,0,0,0,0,0,0,0,0,0,0,0,0,0,0
1416688924.1804,pg_catalog,pg_db_role_setting,0,0,162372,0,0,0,0,0,0,0,0,0,409,161963,0,0,0,0
1416688924.1804,pg_toast,pg_toast_12713,0,0,0,0,0,0,0,0,0,0,0,0,0,0,,,,
1416688924.1804,pg_catalog,pg_rowsecurity,0,0,0,0,0,0,0,0,0,0,0,0,0,0,,,,
1416688924.1804,pg_catalog,pg_description,0,0,5229,0,0,0,0,0,0,0,0,0,1659,9975,0,0,0,0
1416688924.1804,pg_catalog,pg_foreign_data_wrapper,0,0,0,0,0,0,0,0,0,0,0,0,0,0,,,,
1416688924.1804,pg_catalog,pg_conversion,0,0,0,0,0,0,0,0,0,0,0,0,0,0,,,,
1416688924.1804,pg_catalog,pg_class,14129,3188073,940536,861906,2124,644,2086,629,337,15,8519,989486,8277,1968249,,,,
1416688924.1804,information_schema,sql_implementation_info,0,0,,,0,0,0,0,0,0,0,0,,,0,0,0,0
1416688924.1804,pg_catalog,pg_opfamily,0,0,0,0,0,0,0,0,0,0,0,0,0,0,,,,
1416688924.1804,pg_catalog,pg_auth_members,0,0,0,0,0,0,0,0,0,0,0,0,0,0,,,,
1416688924.1804,pg_catalog,pg_operator,0,0,290569,1516704,0,0,0,0,0,0,7363,1050187,6474,630334,,,,
1416688924.1804,information_schema,sql_languages,0,0,,,0,0,0,0,0,0,0,0,,,0,0,0,0
1416688924.1804,public,region,19191,95880,48,48,5,0,0,0,5,0,13,19221,19,48,,,,
1416688924.1804,pg_toast,pg_toast_12693,0,0,0,0,0,0,0,0,0,0,0,0,0,0,,,,
1416688924.1804,pg_catalog,pg_attribute,2937,20025,765178,1721828,7780,220,7602,191,2107,0,26002,856252,7056,1602560,,,,
1416688924.1804,pg_toast,pg_toast_12698,0,0,0,0,0,0,0,0,0,0,0,0,0,0,,,,
1416688924.1804,pg_catalog,pg_tablespace,2,4,26853,26853,0,0,0,0,0,0,701,26154,1467,52371,,,,
1416688924.1804,public,partsupp,30,120000000,62666,250406,8000000,0,0,0,8000000,0,2019007,1739359,61996,148935,,,,
1416688924.1804,pg_catalog,pg_statistic,0,0,207740,199385,1774,4853,1708,4152,467,52,20165,193249,2296,445678,49620,198069,2943,302593
1416688924.1804,pg_toast,pg_toast_12703,0,0,0,0,0,0,0,0,0,0,0,0,0,0,,,,
1416688924.1804,information_schema,sql_packages,0,0,,,0,0,0,0,0,0,0,0,,,0,0,0,0
1416688924.1804,information_schema,sql_sizing_profiles,0,0,,,0,0,0,0,0,0,0,0,,,0,0,0,0
1416688924.1804,public,part,17,22000000,228,12162110,2000000,0,0,0,2000000,0,509230,555370,60376,611,,,,
1416688924.1804,pg_catalog,pg_aggregate,0,0,20070,20070,0,0,0,0,0,0,1413,18657,3264,31732,,,,
1416688924.1804,pg_catalog,pg_inherits,0,0,1176,0,0,0,0,0,0,0,0,0,591,585,,,,
1416688924.1804,pg_catalog,pg_enum,0,0,0,0,0,0,0,0,0,0,0,0,0,0,,,,
1416688924.1804,pg_toast,pg_toast_2396,0,0,0,0,0,0,0,0,0,0,0,0,0,0,,,,
1416688924.1804,pg_catalog,pg_pltemplate,0,0,0,0,0,0,0,0,0,0,0,0,0,0,,,,
1416688924.1804,pg_toast,pg_toast_2618,0,0,3972,12684,0,0,0,0,0,0,2491,2381,717,5691,,,,
1416688924.1804,public,time_statistics,66,2419,,,71,66,0,66,71,10,14,226,,,,,,
1416688924.1804,pg_toast,pg_toast_3596,0,0,0,0,0,0,0,0,0,0,0,0,0,0,,,,
1416688924.1804,public,lineitem,49,1740306170,9520943,778349552,60165770,0,180117,0,59985778,180117,34715445,56972756,1937258,39817128,,,,
1416688924.1804,information_schema,sql_features,0,0,,,0,0,0,0,0,0,0,0,,,0,0,0,0
1416688924.1804,pg_toast,pg_toast_2606,0,0,0,0,0,0,0,0,0,0,0,0,0,0,,,,
1416688924.1804,pg_toast,pg_toast_12723,0,0,0,0,0,0,0,0,0,0,0,0,0,0,,,,
1416688924.1804,pg_toast,pg_toast_2964,0,0,0,0,0,0,0,0,0,0,0,0,0,0,,,,
1416688924.1804,pg_catalog,pg_database,4012,15526,132209,132207,1,0,0,0,1,0,277,135943,1889,211421,,,,
1416688924.1804,information_schema,sql_sizing,0,0,,,0,0,0,0,0,0,0,0,,,0,0,0,0
1416688924.1804,public,supplier,16,1000000,6687341,9141431,100000,0,0,0,100000,0,18023,6758749,1663,13409639,,,,
1416688924.1804,pg_toast,pg_toast_2620,0,0,0,0,0,0,0,0,0,0,0,0,0,0,,,,
1416688924.1804,pg_catalog,pg_depend,0,0,49114,52773,9053,0,8964,0,7106,1459,9376,61105,13315,126701,,,,
1416688924.1804,pg_catalog,pg_language,0,0,0,0,0,0,0,0,0,0,0,0,0,0,,,,
1416688924.1804,pg_catalog,pg_amproc,534,1068,172886,370996,0,0,0,0,0,0,1981,169898,1526,383260,,,,
1416688924.1804,pg_catalog,pg_collation,0,0,0,0,0,0,0,0,0,0,0,0,0,0,,,,
1416688924.1804,pg_toast,pg_toast_12708,0,0,0,0,0,0,0,0,0,0,0,0,0,0,,,,
1416688924.1804,public,customer,30,27000000,222,46746264,1500000,0,0,0,1500000,0,325629,1801620,23340,645,,,,
1416688924.1804,pg_catalog,pg_range,0,0,9025,0,0,0,0,0,0,0,0,0,3325,14725,,,,
1416688924.1804,pg_toast,pg_toast_2609,0,0,0,0,0,0,0,0,0,0,0,0,0,0,,,,
1416688924.1804,pg_catalog,pg_opclass,534,534,235379,2567162,0,0,0,0,0,0,1503,1021654,3378,286999,,,,
1416688924.1804,pg_catalog,pg_rewrite,0,0,9372,7440,644,0,644,0,110,56,4925,7924,2195,13779,2491,2381,1434,11382
1416688924.1804,pg_toast,pg_toast_1255,0,0,0,0,0,0,0,0,0,0,0,0,0,0,,,,
1416688924.1804,pg_catalog,pg_seclabel,0,0,5229,0,0,0,0,0,0,0,0,0,534,4695,0,0,0,0
1416688924.1804,pg_catalog,pg_ts_parser,0,0,0,0,0,0,0,0,0,0,0,0,0,0,,,,
1416688924.1804,pg_catalog,pg_trigger,0,0,0,0,0,0,0,0,0,0,0,0,0,0,0,0,0,0
1416688924.1804,public,orders,42,360150000,10757762,100832756,15045000,0,45000,0,15000000,45000,3270112,16704292,289220,32405036,,,,
1416688924.1804,pg_catalog,pg_shseclabel,0,0,0,0,0,0,0,0,0,0,0,0,0,0,,,,
1416688924.1804,pg_catalog,pg_event_trigger,0,0,2022,0,0,0,0,0,0,0,0,0,585,1437,,,,
1416688924.1804,pg_catalog,pg_foreign_table,0,0,0,0,0,0,0,0,0,0,0,0,0,0,,,,
1416688924.1804,pg_catalog,pg_extension,0,0,0,0,0,0,0,0,0,0,0,0,0,0,,,,
1416688924.1804,pg_catalog,pg_ts_config,0,0,0,0,0,0,0,0,0,0,0,0,0,0,,,,
1416688924.1804,pg_catalog,pg_shdescription,0,0,0,0,0,0,0,0,0,0,0,0,0,0,0,0,0,0
1416688924.1804,pg_catalog,pg_cast,0,0,1262820,299579,0,0,0,0,0,0,1514,298065,940,1298119,,,,
1416688924.1804,pg_catalog,pg_amop,0,0,329094,580965,0,0,0,0,0,0,2562,556138,5868,696837,,,,
1416688924.1804,public,nation,63,750,76905,76977,25,0,0,0,25,0,13,76932,26,76930,,,,
1416688924.1804,pg_catalog,pg_user_mapping,0,0,0,0,0,0,0,0,0,0,0,0,0,0,,,,
1416688924.1804,pg_catalog,pg_type,0,0,894870,886052,2350,0,2331,0,360,6,5637,890689,8606,1839249,,,,
1416688924.1804,information_schema,sql_parts,0,0,,,0,0,0,0,0,0,0,0,,,0,0,0,0
1416688924.1804,pg_catalog,pg_largeobject,0,0,0,0,0,0,0,0,0,0,0,0,0,0,,,,
1416688924.1804,pg_catalog,pg_ts_config_map,0,0,0,0,0,0,0,0,0,0,0,0,0,0,,,,
1416688924.1804,pg_catalog,pg_largeobject_metadata,0,0,0,0,0,0,0,0,0,0,0,0,0,0,,,,
1416688924.1804,pg_catalog,pg_am,45950,45950,0,0,0,0,0,0,0,0,482,45468,0,0,,,,
1416688924.1804,pg_toast,pg_toast_12718,0,0,0,0,0,0,0,0,0,0,0,0,0,0,,,,
1416688924.1804,pg_catalog,pg_ts_template,0,0,0,0,0,0,0,0,0,0,0,0,0,0,,,,
1416688924.1804,pg_catalog,pg_foreign_server,0,0,0,0,0,0,0,0,0,0,0,0,0,0,,,,
1416688924.1804,pg_catalog,pg_namespace,1700,60766,208892,171451,42,0,0,0,42,0,492,172765,2431,246808,,,,
1416688924.1804,pg_toast,pg_toast_2619,0,0,148770,503168,6459,0,6210,0,259,22,49620,198069,2943,302593,,,,
1416688924.1804,pg_catalog,pg_authid,942,942,75276,75276,0,0,0,0,0,0,419,75799,1977,148575,,,,
1416688924.1804,pg_catalog,pg_default_acl,0,0,4744,0,0,0,0,0,0,0,0,0,536,4208,,,,
1416688924.1804,pg_catalog,pg_shdepend,0,0,6459,1229,0,0,0,0,0,0,584,645,2294,6529,,,,
1416688924.1804,pg_catalog,pg_constraint,0,0,344,168,176,0,168,0,10,0,98,979,176,1756,0,0,0,0
1416688924.1804,pg_catalog,pg_index,5710,540829,410586,588099,938,0,910,0,143,33,4461,578379,2792,470664,,,,
1416688924.1804,pg_catalog,pg_ts_dict,0,0,0,0,0,0,0,0,0,0,0,0,0,0,,,,
1416688924.1804,pg_toast,pg_toast_2604,0,0,0,0,0,0,0,0,0,0,0,0,0,0,,,,
1416688924.1804,pg_catalog,pg_proc,0,0,331489,491866,0,0,0,0,0,0,32040,325967,13249,721126,0,0,0,0
1416688984.18157,pg_catalog,pg_attrdef,0,0,0,0,0,0,0,0,0,0,0,0,0,0,0,0,0,0
1416688984.18157,pg_catalog,pg_db_role_setting,0,0,162436,0,0,0,0,0,0,0,0,0,410,162026,0,0,0,0
1416688984.18157,pg_toast,pg_toast_12713,0,0,0,0,0,0,0,0,0,0,0,0,0,0,,,,
1416688984.18157,pg_catalog,pg_rowsecurity,0,0,0,0,0,0,0,0,0,0,0,0,0,0,,,,
1416688984.18157,pg_catalog,pg_description,0,0,5229,0,0,0,0,0,0,0,0,0,1659,9975,0,0,0,0
1416688984.18157,pg_catalog,pg_foreign_data_wrapper,0,0,0,0,0,0,0,0,0,0,0,0,0,0,,,,
1416688984.18157,pg_catalog,pg_conversion,0,0,0,0,0,0,0,0,0,0,0,0,0,0,,,,
1416688984.18157,pg_catalog,pg_class,14139,3191123,941016,862371,2124,644,2086,629,337,15,8528,990043,8286,1969234,,,,
1416688984.18157,information_schema,sql_implementation_info,0,0,,,0,0,0,0,0,0,0,0,,,0,0,0,0
1416688984.18157,pg_catalog,pg_opfamily,0,0,0,0,0,0,0,0,0,0,0,0,0,0,,,,
1416688984.18157,pg_catalog,pg_auth_members,0,0,0,0,0,0,0,0,0,0,0,0,0,0,,,,
1416688984.18157,pg_catalog,pg_operator,0,0,290640,1517139,0,0,0,0,0,0,7377,1050469,6482,630489,,,,
1416688984.18157,information_schema,sql_languages,0,0,,,0,0,0,0,0,0,0,0,,,0,0,0,0
1416688984.18157,public,region,19191,95880,48,48,5,0,0,0,5,0,13,19221,19,48,,,,
1416688984.18157,pg_toast,pg_toast_12693,0,0,0,0,0,0,0,0,0,0,0,0,0,0,,,,
1416688984.18157,pg_catalog,pg_attribute,2937,20025,765495,1722423,7780,220,7602,191,2107,0,26026,856561,7061,1603206,,,,
1416688984.18157,pg_toast,pg_toast_12698,0,0,0,0,0,0,0,0,0,0,0,0,0,0,,,,
1416688984.18157,pg_catalog,pg_tablespace,2,4,26864,26864,0,0,0,0,0,0,702,26164,1469,52391,,,,
1416688984.18157,public,partsupp,31,128000000,62674,250414,8000000,0,0,0,8000000,0,2189962,1739370,61999,148957,,,,
1416688984.18157,pg_catalog,pg_statistic,0,0,207803,199442,1774,4853,1708,4152,467,52,20179,193292,2301,445810,49639,198094,2946,302658
1416688984.18157,pg_toast,pg_toast_12703,0,0,0,0,0,0,0,0,0,0,0,0,0,0,,,,
1416688984.18157,information_schema,sql_packages,0,0,,,0,0,0,0,0,0,0,0,,,0,0,0,0
1416688984.18157,information_schema,sql_sizing_profiles,0,0,,,0,0,0,0,0,0,0,0,,,0,0,0,0
1416688984.18157,public,part,18,24000000,236,12162118,2000000,0,0,0,2000000,0,531352,573778,60376,639,,,,
1416688984.18157,pg_catalog,pg_aggregate,0,0,20079,20079,0,0,0,0,0,0,1414,18665,3266,31743,,,,
1416688984.18157,pg_catalog,pg_inherits,0,0,1176,0,0,0,0,0,0,0,0,0,591,585,,,,
1416688984.18157,pg_catalog,pg_enum,0,0,0,0,0,0,0,0,0,0,0,0,0,0,,,,
1416688984.18157,pg_toast,pg_toast_2396,0,0,0,0,0,0,0,0,0,0,0,0,0,0,,,,
1416688984.18157,pg_catalog,pg_pltemplate,0,0,0,0,0,0,0,0,0,0,0,0,0,0,,,,
1416688984.18157,pg_toast,pg_toast_2618,0,0,3977,12700,0,0,0,0,0,0,2496,2382,719,5697,,,,
1416688984.18157,public,time_statistics,69,2635,,,74,69,0,69,74,13,18,240,,,,,,
1416688984.18157,pg_toast,pg_toast_3596,0,0,0,0,0,0,0,0,0,0,0,0,0,0,,,,
1416688984.18157,public,lineitem,50,1800291823,9957329,791438070,60165770,0,180117,0,59985778,180117,36144684,69710014,2022902,41514064,,,,
1416688984.18157,information_schema,sql_features,0,0,,,0,0,0,0,0,0,0,0,,,0,0,0,0
1416688984.18157,pg_toast,pg_toast_2606,0,0,0,0,0,0,0,0,0,0,0,0,0,0,,,,
1416688984.18157,pg_toast,pg_toast_12723,0,0,0,0,0,0,0,0,0,0,0,0,0,0,,,,
1416688984.18157,pg_toast,pg_toast_2964,0,0,0,0,0,0,0,0,0,0,0,0,0,0,,,,
1416688984.18157,pg_catalog,pg_database,4015,15538,132266,132264,1,0,0,0,1,0,277,136003,1893,211506,,,,
1416688984.18157,information_schema,sql_sizing,0,0,,,0,0,0,0,0,0,0,0,,,0,0,0,0
1416688984.18157,public,supplier,16,1000000,9959476,12413566,100000,0,0,0,100000,0,18023,10030884,1665,19971879,,,,
1416688984.18157,pg_toast,pg_toast_2620,0,0,0,0,0,0,0,0,0,0,0,0,0,0,,,,
1416688984.18157,pg_catalog,pg_depend,0,0,49114,52773,9053,0,8964,0,7106,1459,9376,61105,13315,126701,,,,
1416688984.18157,pg_catalog,pg_language,0,0,0,0,0,0,0,0,0,0,0,0,0,0,,,,
1416688984.18157,pg_catalog,pg_amproc,534,1068,172944,371135,0,0,0,0,0,0,1984,169951,1527,383390,,,,
1416688984.18157,pg_catalog,pg_collation,0,0,0,0,0,0,0,0,0,0,0,0,0,0,,,,
1416688984.18157,pg_toast,pg_toast_12708,0,0,0,0,0,0,0,0,0,0,0,0,0,0,,,,
1416688984.18157,public,customer,30,27000000,238,47318410,1500000,0,0,0,1500000,0,360907,1836788,24938,662,,,,
1416688984.18157,pg_catalog,pg_range,0,0,9028,0,0,0,0,0,0,0,0,0,3327,14729,,,,
1416688984.18157,pg_toast,pg_toast_2609,0,0,0,0,0,0,0,0,0,0,0,0,0,0,,,,
1416688984.18157,pg_catalog,pg_opclass,534,534,235440,2567714,0,0,0,0,0,0,1505,1021877,3380,287079,,,,
1416688984.18157,pg_catalog,pg_rewrite,0,0,9379,7447,644,0,644,0,110,56,4930,7926,2197,13789,2496,2382,1438,11394
1416688984.18157,pg_toast,pg_toast_1255,0,0,0,0,0,0,0,0,0,0,0,0,0,0,,,,
1416688984.18157,pg_catalog,pg_seclabel,0,0,5229,0,0,0,0,0,0,0,0,0,534,4695,0,0,0,0
1416688984.18157,pg_catalog,pg_ts_parser,0,0,0,0,0,0,0,0,0,0,0,0,0,0,,,,
1416688984.18157,pg_catalog,pg_trigger,0,0,0,0,0,0,0,0,0,0,0,0,0,0,0,0,0,0
1416688984.18157,public,orders,43,375150000,14029891,104104885,15045000,0,45000,0,15000000,45000,3564729,19935832,289902,42238391,,,,
1416688984.18157,pg_catalog,pg_shseclabel,0,0,0,0,0,0,0,0,0,0,0,0,0,0,,,,
1416688984.18157,pg_catalog,pg_event_trigger,0,0,2022,0,0,0,0,0,0,0,0,0,585,1437,,,,
1416688984.18157,pg_catalog,pg_foreign_table,0,0,0,0,0,0,0,0,0,0,0,0,0,0,,,,
1416688984.18157,pg_catalog,pg_extension,0,0,0,0,0,0,0,0,0,0,0,0,0,0,,,,
1416688984.18157,pg_catalog,pg_ts_config,0,0,0,0,0,0,0,0,0,0,0,0,0,0,,,,
1416688984.18157,pg_catalog,pg_shdescription,0,0,0,0,0,0,0,0,0,0,0,0,0,0,0,0,0,0
1416688984.18157,pg_catalog,pg_cast,0,0,1263187,299669,0,0,0,0,0,0,1516,298153,942,1298498,,,,
1416688984.18157,pg_catalog,pg_amop,0,0,329179,581121,0,0,0,0,0,0,2567,556283,5875,697017,,,,
1416688984.18157,public,nation,64,775,76907,76979,25,0,0,0,25,0,13,76935,27,76932,,,,
1416688984.18157,pg_catalog,pg_user_mapping,0,0,0,0,0,0,0,0,0,0,0,0,0,0,,,,
1416688984.18157,pg_catalog,pg_type,0,0,895210,886392,2350,0,2331,0,360,6,5641,891025,8614,1839937,,,,
1416688984.18157,information_schema,sql_parts,0,0,,,0,0,0,0,0,0,0,0,,,0,0,0,0
1416688984.18157,pg_catalog,pg_largeobject,0,0,0,0,0,0,0,0,0,0,0,0,0,0,,,,
1416688984.18157,pg_catalog,pg_ts_config_map,0,0,0,0,0,0,0,0,0,0,0,0,0,0,,,,
1416688984.18157,pg_catalog,pg_largeobject_metadata,0,0,0,0,0,0,0,0,0,0,0,0,0,0,,,,
1416688984.18157,pg_catalog,pg_am,45968,45968,0,0,0,0,0,0,0,0,482,45486,0,0,,,,
1416688984.18157,pg_toast,pg_toast_12718,0,0,0,0,0,0,0,0,0,0,0,0,0,0,,,,
1416688984.18157,pg_catalog,pg_ts_template,0,0,0,0,0,0,0,0,0,0,0,0,0,0,,,,
1416688984.18157,pg_catalog,pg_foreign_server,0,0,0,0,0,0,0,0,0,0,0,0,0,0,,,,
1416688984.18157,pg_catalog,pg_namespace,1702,60862,209076,171621,42,0,0,0,42,0,493,172936,2435,247004,,,,
1416688984.18157,pg_toast,pg_toast_2619,0,0,148801,503265,6459,0,6210,0,259,22,49639,198094,2946,302658,,,,
1416688984.18157,pg_catalog,pg_authid,943,943,75304,75304,0,0,0,0,0,0,420,75827,1981,148627,,,,
1416688984.18157,pg_catalog,pg_default_acl,0,0,4744,0,0,0,0,0,0,0,0,0,536,4208,,,,
1416688984.18157,pg_catalog,pg_shdepend,0,0,6459,1229,0,0,0,0,0,0,584,645,2294,6529,,,,
1416688984.18157,pg_catalog,pg_constraint,0,0,344,168,176,0,168,0,10,0,98,979,176,1756,0,0,0,0
1416688984.18157,pg_catalog,pg_index,5715,541544,410695,588250,938,0,910,0,143,33,4466,578542,2794,470794,,,,
1416688984.18157,pg_catalog,pg_ts_dict,0,0,0,0,0,0,0,0,0,0,0,0,0,0,,,,
1416688984.18157,pg_toast,pg_toast_2604,0,0,0,0,0,0,0,0,0,0,0,0,0,0,,,,
1416688984.18157,pg_catalog,pg_proc,0,0,331642,492099,0,0,0,0,0,0,32068,326113,13268,721441,0,0,0,0
1416689044.18339,pg_catalog,pg_attrdef,0,0,0,0,0,0,0,0,0,0,0,0,0,0,0,0,0,0
1416689044.18339,pg_catalog,pg_db_role_setting,0,0,162524,0,0,0,0,0,0,0,0,0,410,162114,0,0,0,0
1416689044.18339,pg_toast,pg_toast_12713,0,0,0,0,0,0,0,0,0,0,0,0,0,0,,,,
1416689044.18339,pg_catalog,pg_rowsecurity,0,0,0,0,0,0,0,0,0,0,0,0,0,0,,,,
1416689044.18339,pg_catalog,pg_description,0,0,5229,0,0,0,0,0,0,0,0,0,1659,9975,0,0,0,0
1416689044.18339,pg_catalog,pg_foreign_data_wrapper,0,0,0,0,0,0,0,0,0,0,0,0,0,0,,,,
1416689044.18339,pg_catalog,pg_conversion,0,0,0,0,0,0,0,0,0,0,0,0,0,0,,,,
1416689044.18339,pg_catalog,pg_class,14149,3194173,941577,862908,2124,644,2086,629,337,15,8529,990680,8287,1970401,,,,
1416689044.18339,information_schema,sql_implementation_info,0,0,,,0,0,0,0,0,0,0,0,,,0,0,0,0
1416689044.18339,pg_catalog,pg_opfamily,0,0,0,0,0,0,0,0,0,0,0,0,0,0,,,,
1416689044.18339,pg_catalog,pg_auth_members,0,0,0,0,0,0,0,0,0,0,0,0,0,0,,,,
1416689044.18339,pg_catalog,pg_operator,0,0,290759,1517795,0,0,0,0,0,0,7377,1050924,6484,630754,,,,
1416689044.18339,information_schema,sql_languages,0,0,,,0,0,0,0,0,0,0,0,,,0,0,0,0
1416689044.18339,public,region,19191,95880,48,48,5,0,0,0,5,0,13,19221,19,48,,,,
1416689044.18339,pg_toast,pg_toast_12693,0,0,0,0,0,0,0,0,0,0,0,0,0,0,,,,
1416689044.18339,pg_catalog,pg_attribute,2937,20025,765881,1723176,7780,220,7602,191,2107,0,26032,856963,7061,1604001,,,,
1416689044.18339,pg_toast,pg_toast_12698,0,0,0,0,0,0,0,0,0,0,0,0,0,0,,,,
1416689044.18339,pg_catalog,pg_tablespace,2,4,26879,26879,0,0,0,0,0,0,702,26179,1469,52421,,,,
1416689044.18339,public,partsupp,33,144000000,84216,336576,8000000,0,0,0,8000000,0,2382874,1912455,76003,199905,,,,
1416689044.18339,pg_catalog,pg_statistic,0,0,207885,199518,1774,4853,1708,4152,467,52,20191,193356,2301,445989,49677,198122,2946,302756
1416689044.18339,pg_toast,pg_toast_12703,0,0,0,0,0,0,0,0,0,0,0,0,0,0,,,,
1416689044.18339,information_schema,sql_packages,0,0,,,0,0,0,0,0,0,0,0,,,0,0,0,0
1416689044.18339,information_schema,sql_sizing_profiles,0,0,,,0,0,0,0,0,0,0,0,,,0,0,0,0
1416689044.18339,public,part,18,24000000,239,12183660,2000000,0,0,0,2000000,0,548174,573780,60532,640,,,,
1416689044.18339,pg_catalog,pg_aggregate,0,0,20088,20088,0,0,0,0,0,0,1414,18674,3267,31757,,,,
1416689044.18339,pg_catalog,pg_inherits,0,0,1176,0,0,0,0,0,0,0,0,0,591,585,,,,
1416689044.18339,pg_catalog,pg_enum,0,0,0,0,0,0,0,0,0,0,0,0,0,0,,,,
1416689044.18339,pg_toast,pg_toast_2396,0,0,0,0,0,0,0,0,0,0,0,0,0,0,,,,
1416689044.18339,pg_catalog,pg_pltemplate,0,0,0,0,0,0,0,0,0,0,0,0,0,0,,,,
1416689044.18339,pg_toast,pg_toast_2618,0,0,3982,12716,0,0,0,0,0,0,2501,2383,719,5705,,,,
1416689044.18339,public,time_statistics,74,3015,,,79,74,0,74,79,18,21,267,,,,,,
1416689044.18339,pg_toast,pg_toast_3596,0,0,0,0,0,0,0,0,0,0,0,0,0,0,,,,
1416689044.18339,public,lineitem,51,1860277476,10604623,854822391,60165770,0,180117,0,59985778,180117,37619009,73526823,2204939,43930593,,,,
1416689044.18339,information_schema,sql_features,0,0,,,0,0,0,0,0,0,0,0,,,0,0,0,0
1416689044.18339,pg_toast,pg_toast_2606,0,0,0,0,0,0,0,0,0,0,0,0,0,0,,,,
1416689044.18339,pg_toast,pg_toast_12723,0,0,0,0,0,0,0,0,0,0,0,0,0,0,,,,
1416689044.18339,pg_toast,pg_toast_2964,0,0,0,0,0,0,0,0,0,0,0,0,0,0,,,,
1416689044.18339,pg_catalog,pg_database,4018,15550,132341,132339,1,0,0,0,1,0,277,136081,1893,211625,,,,
1416689044.18339,information_schema,sql_sizing,0,0,,,0,0,0,0,0,0,0,0,,,0,0,0,0
1416689044.18339,public,supplier,16,1000000,9959489,12713576,100000,0,0,0,100000,0,20399,10035055,1678,19971899,,,,
1416689044.18339,pg_toast,pg_toast_2620,0,0,0,0,0,0,0,0,0,0,0,0,0,0,,,,
1416689044.18339,pg_catalog,pg_depend,0,0,49114,52773,9053,0,8964,0,7106,1459,9376,61105,13315,126701,,,,
1416689044.18339,pg_catalog,pg_language,0,0,0,0,0,0,0,0,0,0,0,0,0,0,,,,
1416689044.18339,pg_catalog,pg_amproc,534,1068,173020,371335,0,0,0,0,0,0,1985,170023,1527,383563,,,,
1416689044.18339,pg_catalog,pg_collation,0,0,0,0,0,0,0,0,0,0,0,0,0,0,,,,
1416689044.18339,pg_toast,pg_toast_12708,0,0,0,0,0,0,0,0,0,0,0,0,0,0,,,,
1416689044.18339,public,customer,30,27000000,243,47618165,1500000,0,0,0,1500000,0,396182,1836792,26099,669,,,,
1416689044.18339,pg_catalog,pg_range,0,0,9033,0,0,0,0,0,0,0,0,0,3329,14737,,,,
1416689044.18339,pg_toast,pg_toast_2609,0,0,0,0,0,0,0,0,0,0,0,0,0,0,,,,
1416689044.18339,pg_catalog,pg_opclass,534,534,235531,2568620,0,0,0,0,0,0,1505,1022244,3380,287199,,,,
1416689044.18339,pg_catalog,pg_rewrite,0,0,9386,7454,644,0,644,0,110,56,4935,7928,2197,13801,2501,2383,1438,11410
1416689044.18339,pg_toast,pg_toast_1255,0,0,0,0,0,0,0,0,0,0,0,0,0,0,,,,
1416689044.18339,pg_catalog,pg_seclabel,0,0,5229,0,0,0,0,0,0,0,0,0,534,4695,0,0,0,0
1416689044.18339,pg_catalog,pg_ts_parser,0,0,0,0,0,0,0,0,0,0,0,0,0,0,,,,
1416689044.18339,pg_catalog,pg_trigger,0,0,0,0,0,0,0,0,0,0,0,0,0,0,0,0,0,0
1416689044.18339,public,orders,43,375150000,14029897,134104889,15045000,0,45000,0,15000000,45000,3790027,20218594,289923,42238408,,,,
1416689044.18339,pg_catalog,pg_shseclabel,0,0,0,0,0,0,0,0,0,0,0,0,0,0,,,,
1416689044.18339,pg_catalog,pg_event_trigger,0,0,2022,0,0,0,0,0,0,0,0,0,585,1437,,,,
1416689044.18339,pg_catalog,pg_foreign_table,0,0,0,0,0,0,0,0,0,0,0,0,0,0,,,,
1416689044.18339,pg_catalog,pg_extension,0,0,0,0,0,0,0,0,0,0,0,0,0,0,,,,
1416689044.18339,pg_catalog,pg_ts_config,0,0,0,0,0,0,0,0,0,0,0,0,0,0,,,,
1416689044.18339,pg_catalog,pg_shdescription,0,0,0,0,0,0,0,0,0,0,0,0,0,0,0,0,0,0
1416689044.18339,pg_catalog,pg_cast,0,0,1263709,299811,0,0,0,0,0,0,1517,298294,942,1299040,,,,
1416689044.18339,pg_catalog,pg_amop,0,0,329303,581343,0,0,0,0,0,0,2567,556496,5876,697287,,,,
1416689044.18339,public,nation,67,850,76913,76985,25,0,0,0,25,0,14,76943,31,76936,,,,
1416689044.18339,pg_catalog,pg_user_mapping,0,0,0,0,0,0,0,0,0,0,0,0,0,0,,,,
1416689044.18339,pg_catalog,pg_type,0,0,895673,886855,2350,0,2331,0,360,6,5641,891488,8618,1840883,,,,
1416689044.18339,information_schema,sql_parts,0,0,,,0,0,0,0,0,0,0,0,,,0,0,0,0
1416689044.18339,pg_catalog,pg_largeobject,0,0,0,0,0,0,0,0,0,0,0,0,0,0,,,,
1416689044.18339,pg_catalog,pg_ts_config_map,0,0,0,0,0,0,0,0,0,0,0,0,0,0,,,,
1416689044.18339,pg_catalog,pg_largeobject_metadata,0,0,0,0,0,0,0,0,0,0,0,0,0,0,,,,
1416689044.18339,pg_catalog,pg_am,45994,45994,0,0,0,0,0,0,0,0,482,45512,0,0,,,,
1416689044.18339,pg_toast,pg_toast_12718,0,0,0,0,0,0,0,0,0,0,0,0,0,0,,,,
1416689044.18339,pg_catalog,pg_ts_template,0,0,0,0,0,0,0,0,0,0,0,0,0,0,,,,
1416689044.18339,pg_catalog,pg_foreign_server,0,0,0,0,0,0,0,0,0,0,0,0,0,0,,,,
1416689044.18339,pg_catalog,pg_namespace,1704,60958,209277,171802,42,0,0,0,42,0,493,173119,2436,247226,,,,
1416689044.18339,pg_toast,pg_toast_2619,0,0,148846,503413,6459,0,6210,0,259,22,49677,198122,2946,302756,,,,
1416689044.18339,pg_catalog,pg_authid,944,944,75344,75344,0,0,0,0,0,0,420,75868,1981,148707,,,,
1416689044.18339,pg_catalog,pg_default_acl,0,0,4744,0,0,0,0,0,0,0,0,0,536,4208,,,,
1416689044.18339,pg_catalog,pg_shdepend,0,0,6459,1229,0,0,0,0,0,0,584,645,2294,6529,,,,
1416689044.18339,pg_catalog,pg_constraint,0,0,344,168,176,0,168,0,10,0,98,979,176,1756,0,0,0,0
1416689044.18339,pg_catalog,pg_index,5720,542259,410843,588457,938,0,910,0,143,33,4466,578766,2794,470973,,,,
1416689044.18339,pg_catalog,pg_ts_dict,0,0,0,0,0,0,0,0,0,0,0,0,0,0,,,,
1416689044.18339,pg_toast,pg_toast_2604,0,0,0,0,0,0,0,0,0,0,0,0,0,0,,,,
1416689044.18339,pg_catalog,pg_proc,0,0,331830,492358,0,0,0,0,0,0,32086,326298,13269,721856,0,0,0,0
